-- Active: 1708704285327@@localhost@1433@ipadel@dbo
INSERT INTO categories (id,created_at,updated_at,deleted_at,description,color,"level",active) VALUES
	 ('1','2023-12-11 12:56:58.504845-06','2023-12-11 12:56:58.504845-06',NULL,'Tercera 3ra Varonil','',3,true),
	 ('2','2023-12-11 12:57:51.411059-06','2023-12-11 12:57:51.411059-06',NULL,'Segunda 2da Varonil','',2,true),
	 ('3','2023-12-11 12:58:16.008223-06','2023-12-11 12:58:16.008223-06',NULL,'Primera 1era Varonil','',1,true),
	 ('4','2023-12-11 12:59:17.80868-06','2023-12-11 12:59:17.80868-06',NULL,'Open  Varonil','',0,true),
	 ('5','2023-12-11 12:56:40.178621-06','2023-12-11 12:56:40.178621-06',NULL,'Cuarta 4ta Varonil','',4,true);
INSERT INTO public.clubs (id,created_at,updated_at,deleted_at,name,description,contact,image_url,address,phone) VALUES
	 ('091bf6d0-d9a1-44f9-980e-7f55e1610268','2023-12-10 16:46:58.360353-06','2023-12-10 16:46:58.360353-06',NULL,'Padel Sport Padel ZR','Padel Sport Zona Real','Santi','','Av.Aviacion','33 3234-3456'),
	 ('372b9328-2267-409a-b582-1f696757432b','2023-12-10 16:47:55.595351-06','2023-12-10 16:47:55.595351-06',NULL,'Padel Sport Guadalupe','Padel SportGuadalupe','Nataly','','Av.Guadalupe','33 3234-3456'),
	 ('0b9ad38b-2737-4672-b1ae-5714a3fc45dc','2023-12-10 16:48:24.091902-06','2023-12-10 16:48:24.091902-06',NULL,'Padel Warehouse','Padel Warehouse','Checo','','Zona real','33 3234-3456'),
	 ('1fcf59a5-996b-4121-b37d-49080f6583fa','2023-12-10 16:49:08.155541-06','2023-12-10 16:49:08.155541-06',NULL,'Padel Rafaga','Padel Rafaga','Juanjo','','Tepatitlan de morelos','33 3234-3456');
INSERT INTO public.permissions (id,created_at,updated_at,deleted_at,description,active) VALUES
	 ('1','2023-12-11 13:04:51.744815-06','2023-12-11 13:04:51.744815-06',NULL,'Admin',true),
	 ('2','2023-12-11 13:05:02.513641-06','2023-12-11 13:05:02.513641-06',NULL,'Atleta',true),
	 ('3','2023-12-11 13:05:12.06996-06','2023-12-11 13:05:12.06996-06',NULL,'Staff1',true),
	 ('4','2023-12-11 13:05:21.910132-06','2023-12-11 13:05:21.910132-06',NULL,'Staff2',true);
INSERT INTO public.tournament_games (id,created_at,updated_at,deleted_at,tournament_id,category_id,tournament_group_id,team1_id,team2_id,tournament_time_slots_id,active) VALUES
	 ('2edcb9ae-b8df-4b31-8c5e-c15d0a6e32e8','2023-12-15 19:17:17.234853-06','2023-12-15 19:17:17.234853-06',NULL,'8196138d-9c50-4143-b786-7c3be6815435','64c56c28-6c76-4c40-915e-6ed710832e96','64a7013e-a372-48d9-aef9-79c0de38d899','f120404b-b4d1-42f5-b96d-f11b81e23c25','72bc9c18-3e09-4f68-943a-ccdf69ac32f4','00000000-0000-0000-0000-000000000000',false),
	 ('4209e592-69f2-481a-a864-b3876366f871','2023-12-15 19:17:17.236391-06','2023-12-15 19:17:17.236391-06',NULL,'8196138d-9c50-4143-b786-7c3be6815435','64c56c28-6c76-4c40-915e-6ed710832e96','64a7013e-a372-48d9-aef9-79c0de38d899','f120404b-b4d1-42f5-b96d-f11b81e23c25','31496a77-a042-473e-a32f-37a713be0a56','00000000-0000-0000-0000-000000000000',false),
	 ('2b7b3009-d11d-49a8-bcd2-9410e1652cc7','2023-12-15 19:17:17.237184-06','2023-12-15 19:17:17.237184-06',NULL,'8196138d-9c50-4143-b786-7c3be6815435','64c56c28-6c76-4c40-915e-6ed710832e96','64a7013e-a372-48d9-aef9-79c0de38d899','72bc9c18-3e09-4f68-943a-ccdf69ac32f4','31496a77-a042-473e-a32f-37a713be0a56','00000000-0000-0000-0000-000000000000',false),
	 ('d0a2b04b-5ce3-4146-b98c-691e21d20c0a','2023-12-15 19:17:17.238824-06','2023-12-15 19:17:17.238824-06',NULL,'8196138d-9c50-4143-b786-7c3be6815435','64c56c28-6c76-4c40-915e-6ed710832e96','8b628f0d-04a9-4c24-b26c-1b05e031310e','91cf9411-1739-4b12-bcab-18ddad84069e','abbc4169-4fd9-4455-97eb-964699211bbf','00000000-0000-0000-0000-000000000000',false),
	 ('3e1daadd-fa6a-4b1a-81ab-3d8680bd0339','2023-12-15 19:17:17.240906-06','2023-12-15 19:17:17.240906-06',NULL,'8196138d-9c50-4143-b786-7c3be6815435','64c56c28-6c76-4c40-915e-6ed710832e96','8b628f0d-04a9-4c24-b26c-1b05e031310e','91cf9411-1739-4b12-bcab-18ddad84069e','c354346a-fb6d-4960-9efa-233bbe4d9219','00000000-0000-0000-0000-000000000000',false),
	 ('a4560b58-db55-47c3-ad18-9a2cd2953f96','2023-12-15 19:17:17.242164-06','2023-12-15 19:17:17.242164-06',NULL,'8196138d-9c50-4143-b786-7c3be6815435','64c56c28-6c76-4c40-915e-6ed710832e96','8b628f0d-04a9-4c24-b26c-1b05e031310e','abbc4169-4fd9-4455-97eb-964699211bbf','c354346a-fb6d-4960-9efa-233bbe4d9219','00000000-0000-0000-0000-000000000000',false),
	 ('206ef15b-c455-496d-98ed-1c5e5cb98530','2023-12-15 19:17:17.244281-06','2023-12-15 19:17:17.244281-06',NULL,'8196138d-9c50-4143-b786-7c3be6815435','64c56c28-6c76-4c40-915e-6ed710832e96','1fe4c451-1ab5-4ca9-94ff-8e3107ec545f','eb52f6a2-89d8-4fad-9362-b2029c0284ea','6be38ef5-a426-4e12-a920-a45ec64dc8f1','00000000-0000-0000-0000-000000000000',false),
	 ('52e13992-bfb9-409c-a15f-a1aeb8c84f0b','2023-12-15 19:17:17.24576-06','2023-12-15 19:17:17.24576-06',NULL,'8196138d-9c50-4143-b786-7c3be6815435','64c56c28-6c76-4c40-915e-6ed710832e96','1fe4c451-1ab5-4ca9-94ff-8e3107ec545f','eb52f6a2-89d8-4fad-9362-b2029c0284ea','a3949708-3ec8-4708-bcd8-1dc3c395a8f1','00000000-0000-0000-0000-000000000000',false),
	 ('7e917f46-deb5-4566-af8d-b28f182b9751','2023-12-15 19:17:17.246932-06','2023-12-15 19:17:17.246932-06',NULL,'8196138d-9c50-4143-b786-7c3be6815435','64c56c28-6c76-4c40-915e-6ed710832e96','1fe4c451-1ab5-4ca9-94ff-8e3107ec545f','6be38ef5-a426-4e12-a920-a45ec64dc8f1','a3949708-3ec8-4708-bcd8-1dc3c395a8f1','00000000-0000-0000-0000-000000000000',false),
	 ('4ae9922f-a37a-4bfc-b162-4be034f9e6b9','2023-12-15 19:17:17.249374-06','2023-12-15 19:17:17.249374-06',NULL,'8196138d-9c50-4143-b786-7c3be6815435','64c56c28-6c76-4c40-915e-6ed710832e96','9b80b34d-3e22-4bb7-9978-b3f6426cbb8f','c47ee798-15bf-44a5-9247-f0aa621a3462','182f1846-01a1-42b6-af3f-4d27164b0e3b','00000000-0000-0000-0000-000000000000',false);
INSERT INTO public.tournament_games (id,created_at,updated_at,deleted_at,tournament_id,category_id,tournament_group_id,team1_id,team2_id,tournament_time_slots_id,active) VALUES
	 ('a8a28827-8c87-4740-8c66-607733aa2cf4','2023-12-15 19:17:17.251518-06','2023-12-15 19:17:17.251518-06',NULL,'8196138d-9c50-4143-b786-7c3be6815435','64c56c28-6c76-4c40-915e-6ed710832e96','9b80b34d-3e22-4bb7-9978-b3f6426cbb8f','c47ee798-15bf-44a5-9247-f0aa621a3462','b7be8f37-28de-4aae-8338-ca883ac55d3a','00000000-0000-0000-0000-000000000000',false),
	 ('8e29bcb5-c283-4c00-8156-ab14a74d45b1','2023-12-15 19:17:17.253049-06','2023-12-15 19:17:17.253049-06',NULL,'8196138d-9c50-4143-b786-7c3be6815435','64c56c28-6c76-4c40-915e-6ed710832e96','9b80b34d-3e22-4bb7-9978-b3f6426cbb8f','182f1846-01a1-42b6-af3f-4d27164b0e3b','b7be8f37-28de-4aae-8338-ca883ac55d3a','00000000-0000-0000-0000-000000000000',false),
	 ('26bb04b3-8a98-476b-b8d3-93812426eb4d','2023-12-15 19:17:17.254532-06','2023-12-15 19:17:17.254532-06',NULL,'8196138d-9c50-4143-b786-7c3be6815435','64c56c28-6c76-4c40-915e-6ed710832e96','74fe1f50-9871-481b-b8ab-b7d65a37285b','b7dd3583-1eac-46b8-a6d3-f52f7cc5b9eb','2fd29826-a4c0-42a2-82a3-06d8b164fefb','00000000-0000-0000-0000-000000000000',false),
	 ('763e188d-5ca0-41cd-a92a-954791534921','2023-12-15 19:17:17.255385-06','2023-12-15 19:17:17.255385-06',NULL,'8196138d-9c50-4143-b786-7c3be6815435','64c56c28-6c76-4c40-915e-6ed710832e96','74fe1f50-9871-481b-b8ab-b7d65a37285b','b7dd3583-1eac-46b8-a6d3-f52f7cc5b9eb','a587c8f4-78ee-4a78-9237-abe55e56e3de','00000000-0000-0000-0000-000000000000',false),
	 ('aa56d8ef-c8b3-43f8-8be1-e5b677773c2e','2023-12-15 19:17:17.256213-06','2023-12-15 19:17:17.256213-06',NULL,'8196138d-9c50-4143-b786-7c3be6815435','64c56c28-6c76-4c40-915e-6ed710832e96','74fe1f50-9871-481b-b8ab-b7d65a37285b','2fd29826-a4c0-42a2-82a3-06d8b164fefb','a587c8f4-78ee-4a78-9237-abe55e56e3de','00000000-0000-0000-0000-000000000000',false),
	 ('11622a29-6788-457c-a7f8-99cee40e2af2','2023-12-15 19:17:17.257459-06','2023-12-15 19:17:17.257459-06',NULL,'8196138d-9c50-4143-b786-7c3be6815435','64c56c28-6c76-4c40-915e-6ed710832e96','9431659c-1c47-4cb5-96b3-8417d7401d77','86376386-1d5f-4017-9da4-17b131141bf8','0c387561-122c-46ec-99df-9e77faae9f78','00000000-0000-0000-0000-000000000000',false),
	 ('a57cccf5-bdca-492e-9c63-b384fc120f7d','2023-12-15 19:17:17.258338-06','2023-12-15 19:17:17.258338-06',NULL,'8196138d-9c50-4143-b786-7c3be6815435','64c56c28-6c76-4c40-915e-6ed710832e96','9431659c-1c47-4cb5-96b3-8417d7401d77','86376386-1d5f-4017-9da4-17b131141bf8','16551062-0f6f-49f5-96b0-5b3fd9742a19','00000000-0000-0000-0000-000000000000',false),
	 ('7a7ebeae-1ae3-40df-ba65-fb4776969fbc','2023-12-15 19:17:17.259141-06','2023-12-15 19:17:17.259141-06',NULL,'8196138d-9c50-4143-b786-7c3be6815435','64c56c28-6c76-4c40-915e-6ed710832e96','9431659c-1c47-4cb5-96b3-8417d7401d77','0c387561-122c-46ec-99df-9e77faae9f78','16551062-0f6f-49f5-96b0-5b3fd9742a19','00000000-0000-0000-0000-000000000000',false),
	 ('68e32bf5-8aec-420c-84e0-7c714d4ff377','2023-12-15 19:17:17.260318-06','2023-12-15 19:17:17.260318-06',NULL,'8196138d-9c50-4143-b786-7c3be6815435','64c56c28-6c76-4c40-915e-6ed710832e96','45410264-f4d5-4deb-855a-fc51ff9af7d1','8cede6a8-7449-4362-8f15-de0f57351fa0','97742e83-5554-4647-b2d0-840cb0c62006','00000000-0000-0000-0000-000000000000',false),
	 ('0554c60b-6485-4629-aeac-bc62131a2887','2023-12-15 19:17:17.261207-06','2023-12-15 19:17:17.261207-06',NULL,'8196138d-9c50-4143-b786-7c3be6815435','64c56c28-6c76-4c40-915e-6ed710832e96','45410264-f4d5-4deb-855a-fc51ff9af7d1','8cede6a8-7449-4362-8f15-de0f57351fa0','87075bcf-2ac5-4df0-b7df-8b38b20e3c0f','00000000-0000-0000-0000-000000000000',false);
INSERT INTO public.tournament_games (id,created_at,updated_at,deleted_at,tournament_id,category_id,tournament_group_id,team1_id,team2_id,tournament_time_slots_id,active) VALUES
	 ('72f4f55d-6a80-45bc-a252-a1b8d30c8f2f','2023-12-15 19:17:17.26206-06','2023-12-15 19:17:17.26206-06',NULL,'8196138d-9c50-4143-b786-7c3be6815435','64c56c28-6c76-4c40-915e-6ed710832e96','45410264-f4d5-4deb-855a-fc51ff9af7d1','97742e83-5554-4647-b2d0-840cb0c62006','87075bcf-2ac5-4df0-b7df-8b38b20e3c0f','00000000-0000-0000-0000-000000000000',false),
	 ('2cb9faa3-c289-4d70-bc6e-9c063438b05f','2023-12-15 19:17:17.263434-06','2023-12-15 19:17:17.263434-06',NULL,'8196138d-9c50-4143-b786-7c3be6815435','64c56c28-6c76-4c40-915e-6ed710832e96','8aa47b49-2fd2-4620-9014-1afde9386499','c5b5af95-9db0-4e6f-8b8a-0e1baafb1608','e5f35f64-edb2-45b0-8845-b00c9ff1537f','00000000-0000-0000-0000-000000000000',false),
	 ('83f0cc23-72b1-4065-bc26-ceb6ba912b9a','2023-12-15 19:17:17.264526-06','2023-12-15 19:17:17.264526-06',NULL,'8196138d-9c50-4143-b786-7c3be6815435','64c56c28-6c76-4c40-915e-6ed710832e96','8aa47b49-2fd2-4620-9014-1afde9386499','c5b5af95-9db0-4e6f-8b8a-0e1baafb1608','776023b5-04b4-4aa6-967b-3b97986acb13','00000000-0000-0000-0000-000000000000',false),
	 ('4a94ae6a-f3b7-423e-8d9b-72b6c7fd839a','2023-12-15 19:17:17.265715-06','2023-12-15 19:17:17.265715-06',NULL,'8196138d-9c50-4143-b786-7c3be6815435','64c56c28-6c76-4c40-915e-6ed710832e96','8aa47b49-2fd2-4620-9014-1afde9386499','e5f35f64-edb2-45b0-8845-b00c9ff1537f','776023b5-04b4-4aa6-967b-3b97986acb13','00000000-0000-0000-0000-000000000000',false);
INSERT INTO public.tournament_groups (id,created_at,updated_at,deleted_at,name,group_number,category_id,tournament_id) VALUES
	 ('64a7013e-a372-48d9-aef9-79c0de38d899','2023-12-15 19:17:17.186469-06','2023-12-15 19:17:17.186469-06',NULL,'Grupo - 01',1,'64c56c28-6c76-4c40-915e-6ed710832e96','8196138d-9c50-4143-b786-7c3be6815435'),
	 ('8b628f0d-04a9-4c24-b26c-1b05e031310e','2023-12-15 19:17:17.19013-06','2023-12-15 19:17:17.19013-06',NULL,'Grupo - 02',2,'64c56c28-6c76-4c40-915e-6ed710832e96','8196138d-9c50-4143-b786-7c3be6815435'),
	 ('1fe4c451-1ab5-4ca9-94ff-8e3107ec545f','2023-12-15 19:17:17.191689-06','2023-12-15 19:17:17.191689-06',NULL,'Grupo - 03',3,'64c56c28-6c76-4c40-915e-6ed710832e96','8196138d-9c50-4143-b786-7c3be6815435'),
	 ('9b80b34d-3e22-4bb7-9978-b3f6426cbb8f','2023-12-15 19:17:17.193056-06','2023-12-15 19:17:17.193056-06',NULL,'Grupo - 04',4,'64c56c28-6c76-4c40-915e-6ed710832e96','8196138d-9c50-4143-b786-7c3be6815435'),
	 ('74fe1f50-9871-481b-b8ab-b7d65a37285b','2023-12-15 19:17:17.194467-06','2023-12-15 19:17:17.194467-06',NULL,'Grupo - 05',5,'64c56c28-6c76-4c40-915e-6ed710832e96','8196138d-9c50-4143-b786-7c3be6815435'),
	 ('9431659c-1c47-4cb5-96b3-8417d7401d77','2023-12-15 19:17:17.195773-06','2023-12-15 19:17:17.195773-06',NULL,'Grupo - 06',6,'64c56c28-6c76-4c40-915e-6ed710832e96','8196138d-9c50-4143-b786-7c3be6815435'),
	 ('45410264-f4d5-4deb-855a-fc51ff9af7d1','2023-12-15 19:17:17.196998-06','2023-12-15 19:17:17.196998-06',NULL,'Grupo - 07',7,'64c56c28-6c76-4c40-915e-6ed710832e96','8196138d-9c50-4143-b786-7c3be6815435'),
	 ('8aa47b49-2fd2-4620-9014-1afde9386499','2023-12-15 19:17:17.198279-06','2023-12-15 19:17:17.198279-06',NULL,'Grupo - 08',8,'64c56c28-6c76-4c40-915e-6ed710832e96','8196138d-9c50-4143-b786-7c3be6815435');
INSERT INTO public.tournament_team_by_groups (id,created_at,updated_at,deleted_at,name,group_number,tournament_id,category_id,group_id,team_id) VALUES
	 ('463dc46a-b760-42aa-935a-969635ff14da','2023-12-15 19:17:17.20062-06','2023-12-15 19:17:17.20062-06',NULL,'Equipo : 01',1,'8196138d-9c50-4143-b786-7c3be6815435','64c56c28-6c76-4c40-915e-6ed710832e96','64a7013e-a372-48d9-aef9-79c0de38d899','f120404b-b4d1-42f5-b96d-f11b81e23c25'),
	 ('9e5334a6-92ee-492e-aeac-b1f267900c86','2023-12-15 19:17:17.203981-06','2023-12-15 19:17:17.203981-06',NULL,'Equipo : 01',2,'8196138d-9c50-4143-b786-7c3be6815435','64c56c28-6c76-4c40-915e-6ed710832e96','8b628f0d-04a9-4c24-b26c-1b05e031310e','91cf9411-1739-4b12-bcab-18ddad84069e'),
	 ('7036389b-aaf0-4d4b-a428-fe3199a597d9','2023-12-15 19:17:17.20536-06','2023-12-15 19:17:17.20536-06',NULL,'Equipo : 01',3,'8196138d-9c50-4143-b786-7c3be6815435','64c56c28-6c76-4c40-915e-6ed710832e96','1fe4c451-1ab5-4ca9-94ff-8e3107ec545f','eb52f6a2-89d8-4fad-9362-b2029c0284ea'),
	 ('0f327d42-d7a0-489e-8273-5d3e414d30a0','2023-12-15 19:17:17.206984-06','2023-12-15 19:17:17.206984-06',NULL,'Equipo : 01',4,'8196138d-9c50-4143-b786-7c3be6815435','64c56c28-6c76-4c40-915e-6ed710832e96','9b80b34d-3e22-4bb7-9978-b3f6426cbb8f','c47ee798-15bf-44a5-9247-f0aa621a3462'),
	 ('3a06a46b-b18a-491c-8550-256f99d2a7f1','2023-12-15 19:17:17.208478-06','2023-12-15 19:17:17.208478-06',NULL,'Equipo : 01',5,'8196138d-9c50-4143-b786-7c3be6815435','64c56c28-6c76-4c40-915e-6ed710832e96','74fe1f50-9871-481b-b8ab-b7d65a37285b','b7dd3583-1eac-46b8-a6d3-f52f7cc5b9eb'),
	 ('6ca9cd0a-cd1e-430c-8dad-d9a00265878a','2023-12-15 19:17:17.209746-06','2023-12-15 19:17:17.209746-06',NULL,'Equipo : 01',6,'8196138d-9c50-4143-b786-7c3be6815435','64c56c28-6c76-4c40-915e-6ed710832e96','9431659c-1c47-4cb5-96b3-8417d7401d77','86376386-1d5f-4017-9da4-17b131141bf8'),
	 ('6253adf5-24ca-4d6f-acba-f3bb4f25f1ff','2023-12-15 19:17:17.211182-06','2023-12-15 19:17:17.211182-06',NULL,'Equipo : 01',7,'8196138d-9c50-4143-b786-7c3be6815435','64c56c28-6c76-4c40-915e-6ed710832e96','45410264-f4d5-4deb-855a-fc51ff9af7d1','8cede6a8-7449-4362-8f15-de0f57351fa0'),
	 ('68be9991-76b2-4a29-a9c8-3b79b77d1dc8','2023-12-15 19:17:17.212461-06','2023-12-15 19:17:17.212461-06',NULL,'Equipo : 01',8,'8196138d-9c50-4143-b786-7c3be6815435','64c56c28-6c76-4c40-915e-6ed710832e96','8aa47b49-2fd2-4620-9014-1afde9386499','c5b5af95-9db0-4e6f-8b8a-0e1baafb1608'),
	 ('2a771510-8182-421f-9fb8-8242b85c259d','2023-12-15 19:17:17.213839-06','2023-12-15 19:17:17.213839-06',NULL,'Equipo : 02',8,'8196138d-9c50-4143-b786-7c3be6815435','64c56c28-6c76-4c40-915e-6ed710832e96','8aa47b49-2fd2-4620-9014-1afde9386499','e5f35f64-edb2-45b0-8845-b00c9ff1537f'),
	 ('0964be46-8d5c-422c-82dc-9836a61c801b','2023-12-15 19:17:17.215329-06','2023-12-15 19:17:17.215329-06',NULL,'Equipo : 02',7,'8196138d-9c50-4143-b786-7c3be6815435','64c56c28-6c76-4c40-915e-6ed710832e96','45410264-f4d5-4deb-855a-fc51ff9af7d1','97742e83-5554-4647-b2d0-840cb0c62006');
INSERT INTO public.tournament_team_by_groups (id,created_at,updated_at,deleted_at,name,group_number,tournament_id,category_id,group_id,team_id) VALUES
	 ('afbf5288-447e-41f1-bc89-6d5b7fbc7518','2023-12-15 19:17:17.217825-06','2023-12-15 19:17:17.217825-06',NULL,'Equipo : 02',6,'8196138d-9c50-4143-b786-7c3be6815435','64c56c28-6c76-4c40-915e-6ed710832e96','9431659c-1c47-4cb5-96b3-8417d7401d77','0c387561-122c-46ec-99df-9e77faae9f78'),
	 ('e6874fae-c2fa-4d1b-8adf-265fd1571a1f','2023-12-15 19:17:17.220647-06','2023-12-15 19:17:17.220647-06',NULL,'Equipo : 02',5,'8196138d-9c50-4143-b786-7c3be6815435','64c56c28-6c76-4c40-915e-6ed710832e96','74fe1f50-9871-481b-b8ab-b7d65a37285b','2fd29826-a4c0-42a2-82a3-06d8b164fefb'),
	 ('576fe3f8-123d-4de1-9b0d-650b77e65937','2023-12-15 19:17:17.222895-06','2023-12-15 19:17:17.222895-06',NULL,'Equipo : 02',4,'8196138d-9c50-4143-b786-7c3be6815435','64c56c28-6c76-4c40-915e-6ed710832e96','9b80b34d-3e22-4bb7-9978-b3f6426cbb8f','182f1846-01a1-42b6-af3f-4d27164b0e3b'),
	 ('2c08044f-a4f2-45ba-906a-8f188c67e857','2023-12-15 19:17:17.224224-06','2023-12-15 19:17:17.224224-06',NULL,'Equipo : 02',3,'8196138d-9c50-4143-b786-7c3be6815435','64c56c28-6c76-4c40-915e-6ed710832e96','1fe4c451-1ab5-4ca9-94ff-8e3107ec545f','6be38ef5-a426-4e12-a920-a45ec64dc8f1'),
	 ('4b6bc501-36cc-4e83-aa92-7576de210dce','2023-12-15 19:17:17.225166-06','2023-12-15 19:17:17.225166-06',NULL,'Equipo : 02',2,'8196138d-9c50-4143-b786-7c3be6815435','64c56c28-6c76-4c40-915e-6ed710832e96','8b628f0d-04a9-4c24-b26c-1b05e031310e','abbc4169-4fd9-4455-97eb-964699211bbf'),
	 ('b84af597-c6d7-47cd-b5e1-51d67df53aa1','2023-12-15 19:17:17.225966-06','2023-12-15 19:17:17.225966-06',NULL,'Equipo : 02',1,'8196138d-9c50-4143-b786-7c3be6815435','64c56c28-6c76-4c40-915e-6ed710832e96','64a7013e-a372-48d9-aef9-79c0de38d899','72bc9c18-3e09-4f68-943a-ccdf69ac32f4'),
	 ('9af38576-ec5a-40ce-b411-ebf7804550f1','2023-12-15 19:17:17.226852-06','2023-12-15 19:17:17.226852-06',NULL,'Equipo : 03',1,'8196138d-9c50-4143-b786-7c3be6815435','64c56c28-6c76-4c40-915e-6ed710832e96','64a7013e-a372-48d9-aef9-79c0de38d899','31496a77-a042-473e-a32f-37a713be0a56'),
	 ('8b3c9fb1-a61f-485c-9066-00428cd33953','2023-12-15 19:17:17.227716-06','2023-12-15 19:17:17.227716-06',NULL,'Equipo : 03',2,'8196138d-9c50-4143-b786-7c3be6815435','64c56c28-6c76-4c40-915e-6ed710832e96','8b628f0d-04a9-4c24-b26c-1b05e031310e','c354346a-fb6d-4960-9efa-233bbe4d9219'),
	 ('cb149e1a-3211-4df6-bff3-c4ce24959a56','2023-12-15 19:17:17.228507-06','2023-12-15 19:17:17.228507-06',NULL,'Equipo : 03',3,'8196138d-9c50-4143-b786-7c3be6815435','64c56c28-6c76-4c40-915e-6ed710832e96','1fe4c451-1ab5-4ca9-94ff-8e3107ec545f','a3949708-3ec8-4708-bcd8-1dc3c395a8f1'),
	 ('d984dbd8-8942-4370-a3c6-a85628cb54cc','2023-12-15 19:17:17.229224-06','2023-12-15 19:17:17.229224-06',NULL,'Equipo : 03',4,'8196138d-9c50-4143-b786-7c3be6815435','64c56c28-6c76-4c40-915e-6ed710832e96','9b80b34d-3e22-4bb7-9978-b3f6426cbb8f','b7be8f37-28de-4aae-8338-ca883ac55d3a');
INSERT INTO public.tournament_team_by_groups (id,created_at,updated_at,deleted_at,name,group_number,tournament_id,category_id,group_id,team_id) VALUES
	 ('0fcf911c-7fd3-4c21-84b4-59a1925cb77d','2023-12-15 19:17:17.229902-06','2023-12-15 19:17:17.229902-06',NULL,'Equipo : 03',5,'8196138d-9c50-4143-b786-7c3be6815435','64c56c28-6c76-4c40-915e-6ed710832e96','74fe1f50-9871-481b-b8ab-b7d65a37285b','a587c8f4-78ee-4a78-9237-abe55e56e3de'),
	 ('611c651f-edc0-4135-838c-5845aa79a821','2023-12-15 19:17:17.230599-06','2023-12-15 19:17:17.230599-06',NULL,'Equipo : 03',6,'8196138d-9c50-4143-b786-7c3be6815435','64c56c28-6c76-4c40-915e-6ed710832e96','9431659c-1c47-4cb5-96b3-8417d7401d77','16551062-0f6f-49f5-96b0-5b3fd9742a19'),
	 ('40fbddc3-b7ac-4482-93cb-a75ec4712179','2023-12-15 19:17:17.231278-06','2023-12-15 19:17:17.231278-06',NULL,'Equipo : 03',7,'8196138d-9c50-4143-b786-7c3be6815435','64c56c28-6c76-4c40-915e-6ed710832e96','45410264-f4d5-4deb-855a-fc51ff9af7d1','87075bcf-2ac5-4df0-b7df-8b38b20e3c0f'),
	 ('e5643ebd-6deb-40f3-b02c-b97ae486f288','2023-12-15 19:17:17.231983-06','2023-12-15 19:17:17.231983-06',NULL,'Equipo : 03',8,'8196138d-9c50-4143-b786-7c3be6815435','64c56c28-6c76-4c40-915e-6ed710832e96','8aa47b49-2fd2-4620-9014-1afde9386499','776023b5-04b4-4aa6-967b-3b97986acb13');
INSERT INTO public.tournament_teams (id,created_at,updated_at,deleted_at,name,category_id,member1_id,name1,ranking1,member2_id,name2,ranking2,tournament_id) VALUES
	 ('16551062-0f6f-49f5-96b0-5b3fd9742a19','2023-12-15 19:16:25.964894-06','2023-12-15 19:16:25.964894-06',NULL,'Pareja  - 01','64c56c28-6c76-4c40-915e-6ed710832e96','2ddcdcb7-46aa-431b-b1b4-4aae0180d06a','Alejandro, Martinez',768,'7004fa4b-d047-4370-aa40-4cdb6126e066','Arturo, Perez',704,'8196138d-9c50-4143-b786-7c3be6815435'),
	 ('2fd29826-a4c0-42a2-82a3-06d8b164fefb','2023-12-15 19:16:25.973078-06','2023-12-15 19:16:25.973078-06',NULL,'Pareja  - 02','64c56c28-6c76-4c40-915e-6ed710832e96','35dfff3a-59ba-4570-8f7f-921a6b8470b7','Rodrigo, Estrella',2763,'83ea2467-97df-4006-9ad3-57581dc17144','Octavio, Diaz',505,'8196138d-9c50-4143-b786-7c3be6815435'),
	 ('abbc4169-4fd9-4455-97eb-964699211bbf','2023-12-15 19:16:25.978729-06','2023-12-15 19:16:25.978729-06',NULL,'Pareja  - 03','64c56c28-6c76-4c40-915e-6ed710832e96','55ebbd2e-7a41-40b1-b5b5-931babf6c6a7','Felipe, Flores',1713,'77223787-7d87-43e1-bfcd-e1c1fd869ec3','Jaime, Faisal',798,'8196138d-9c50-4143-b786-7c3be6815435'),
	 ('a3949708-3ec8-4708-bcd8-1dc3c395a8f1','2023-12-15 19:16:25.981964-06','2023-12-15 19:16:25.981964-06',NULL,'Pareja  - 04','64c56c28-6c76-4c40-915e-6ed710832e96','82b088fa-2636-42cd-a0de-29d71f4643d7','Martin, Navarro',1519,'e2245789-36b4-4723-ae03-295de0db682b','Luis, Napoles',519,'8196138d-9c50-4143-b786-7c3be6815435'),
	 ('31496a77-a042-473e-a32f-37a713be0a56','2023-12-15 19:16:25.986753-06','2023-12-15 19:16:25.986753-06',NULL,'Pareja  - 05','64c56c28-6c76-4c40-915e-6ed710832e96','9615abf6-8e83-4115-b65a-04c5ff04bdbd','Arturo, Almeida',1059,'dc5341b9-a73a-488e-9838-56454f7d3997','Luis, Romo',1344,'8196138d-9c50-4143-b786-7c3be6815435'),
	 ('0c387561-122c-46ec-99df-9e77faae9f78','2023-12-15 19:16:25.990413-06','2023-12-15 19:16:25.990413-06',NULL,'Pareja  - 06','64c56c28-6c76-4c40-915e-6ed710832e96','b85bfb5b-eee1-4e80-b3a7-6dd5329ac279','Eric, Tapia2',2095,'f8d48300-1a9c-42e0-9c3e-0f2178a4c0e3','Ramiro, Santaella',1192,'8196138d-9c50-4143-b786-7c3be6815435'),
	 ('182f1846-01a1-42b6-af3f-4d27164b0e3b','2023-12-15 19:16:25.993289-06','2023-12-15 19:16:25.993289-06',NULL,'Pareja  - 07','64c56c28-6c76-4c40-915e-6ed710832e96','f9060b4c-390f-4398-93c1-d0535cc12688','Federico, Diaz',2283,'626a7ffd-779a-42cc-9d9f-c8304da06928','Carlos, Maravilla',872,'8196138d-9c50-4143-b786-7c3be6815435'),
	 ('c5b5af95-9db0-4e6f-8b8a-0e1baafb1608','2023-12-15 19:16:25.995963-06','2023-12-15 19:16:25.995963-06',NULL,'Pareja  - 08','64c56c28-6c76-4c40-915e-6ed710832e96','7db7cbbd-974b-485e-a399-3eec8ece9f02','Eric, Tapia',1796,'50d0f904-63f6-4e2b-9cd5-5a6d2374ecad','Jaime, Torres2',1643,'8196138d-9c50-4143-b786-7c3be6815435'),
	 ('b7dd3583-1eac-46b8-a6d3-f52f7cc5b9eb','2023-12-15 19:16:25.998649-06','2023-12-15 19:16:25.998649-06',NULL,'Pareja  - 09','64c56c28-6c76-4c40-915e-6ed710832e96','a079fcf4-8cf8-42e9-bf31-9cb208014264','Felipe, Correa',2053,'044b9369-7ada-46ed-8371-c483e848cb6f','Alonso, Sotomayor',1848,'8196138d-9c50-4143-b786-7c3be6815435'),
	 ('c354346a-fb6d-4960-9efa-233bbe4d9219','2023-12-15 19:16:26.002459-06','2023-12-15 19:16:26.002459-06',NULL,'Pareja  - 10','64c56c28-6c76-4c40-915e-6ed710832e96','779d0505-3c8f-4dab-8eb9-9bd75b255a82','Jorge, Escamilla',2037,'468d19b8-691f-4a75-867c-d947f6f0215f','Eric, Belasteguin',57,'8196138d-9c50-4143-b786-7c3be6815435');
INSERT INTO public.tournament_teams (id,created_at,updated_at,deleted_at,name,category_id,member1_id,name1,ranking1,member2_id,name2,ranking2,tournament_id) VALUES
	 ('f120404b-b4d1-42f5-b96d-f11b81e23c25','2023-12-15 19:16:26.005196-06','2023-12-15 19:16:26.005196-06',NULL,'Pareja  - 11','64c56c28-6c76-4c40-915e-6ed710832e96','b4733671-e6af-4e17-9684-d8b9358b7f1a','Felipe, Aguirre',1435,'404256b1-0c29-4e3b-8931-a038848ddc58','Arturo, Gonzalez',2844,'8196138d-9c50-4143-b786-7c3be6815435'),
	 ('91cf9411-1739-4b12-bcab-18ddad84069e','2023-12-15 19:16:26.007688-06','2023-12-15 19:16:26.007688-06',NULL,'Pareja  - 12','64c56c28-6c76-4c40-915e-6ed710832e96','6cd59fd1-d366-49a5-ae92-02b3bdc55236','Jose, Gonzalez',1428,'f4d2ef75-7388-4ffc-b65a-632c46398ccf','Arturo, Ramirez',2777,'8196138d-9c50-4143-b786-7c3be6815435'),
	 ('97742e83-5554-4647-b2d0-840cb0c62006','2023-12-15 19:16:26.010114-06','2023-12-15 19:16:26.010114-06',NULL,'Pareja  - 13','64c56c28-6c76-4c40-915e-6ed710832e96','82c17df8-cd64-494a-bb09-872ab01f6a47','Ivan, Esquivel',956,'9ad008d3-c850-4d2c-8ba1-bd412a1ef71a','Pedro, Esquivel',2384,'8196138d-9c50-4143-b786-7c3be6815435'),
	 ('6be38ef5-a426-4e12-a920-a45ec64dc8f1','2023-12-15 19:16:26.01254-06','2023-12-15 19:16:26.01254-06',NULL,'Pareja  - 14','64c56c28-6c76-4c40-915e-6ed710832e96','94c07c15-72aa-470c-8466-33deb5ee77b1','Alfredo, Napoles',1366,'e0236cf2-d9d0-4f2a-bf10-816cf1f88331','Agustin, Valenzuela',1375,'8196138d-9c50-4143-b786-7c3be6815435'),
	 ('e5f35f64-edb2-45b0-8845-b00c9ff1537f','2023-12-15 19:16:26.015029-06','2023-12-15 19:16:26.015029-06',NULL,'Pareja  - 15','64c56c28-6c76-4c40-915e-6ed710832e96','38f3a4c2-0945-4aa1-8ae1-8d1071bd8ea4','Ivan, Belasteguin',1538,'bdd0656f-7eff-4746-a4ac-46697eeecce0','Pedro, Sotomayor',1884,'8196138d-9c50-4143-b786-7c3be6815435'),
	 ('eb52f6a2-89d8-4fad-9362-b2029c0284ea','2023-12-15 19:16:26.01837-06','2023-12-15 19:16:26.01837-06',NULL,'Pareja  - 16','64c56c28-6c76-4c40-915e-6ed710832e96','7388e0b6-0a9b-4ebb-a001-cdcf7a726d04','Diego, Gastelum',2336,'62a045d6-e249-427f-8332-2f2828ad3c47','Facundo, Diaz',1765,'8196138d-9c50-4143-b786-7c3be6815435'),
	 ('a587c8f4-78ee-4a78-9237-abe55e56e3de','2023-12-15 19:16:26.021546-06','2023-12-15 19:16:26.021546-06',NULL,'Pareja  - 17','64c56c28-6c76-4c40-915e-6ed710832e96','bef5b583-359f-489f-ab0d-bdc6957e1baa','Jaime, Navarro',1026,'011e207f-46f7-4d88-91a5-65ed53c6728a','Julio, Maya',636,'8196138d-9c50-4143-b786-7c3be6815435'),
	 ('86376386-1d5f-4017-9da4-17b131141bf8','2023-12-15 19:16:26.024238-06','2023-12-15 19:16:26.024238-06',NULL,'Pareja  - 18','64c56c28-6c76-4c40-915e-6ed710832e96','096b8ed4-e0a5-4f40-817c-ecf95e14e663','Juan, Alatorre2',1587,'e5fc1034-9c60-4c36-ae80-89ab272a92f2','Alonso, Rodriguez',2052,'8196138d-9c50-4143-b786-7c3be6815435'),
	 ('72bc9c18-3e09-4f68-943a-ccdf69ac32f4','2023-12-15 19:16:26.026532-06','2023-12-15 19:16:26.026532-06',NULL,'Pareja  - 19','64c56c28-6c76-4c40-915e-6ed710832e96','77c22539-42ff-4c0e-91e7-3a60de8942c0','Agustin, Frias',1618,'8c824325-07a7-46f1-9f3e-b1c4951a3875','Francisco, Reyes',888,'8196138d-9c50-4143-b786-7c3be6815435'),
	 ('8cede6a8-7449-4362-8f15-de0f57351fa0','2023-12-15 19:16:26.02873-06','2023-12-15 19:16:26.02873-06',NULL,'Pareja  - 20','64c56c28-6c76-4c40-915e-6ed710832e96','6d1bb2b7-e457-4a0c-9d9e-5ad401f32eda','Agustin, Perez',1305,'cd4b2afc-3d9e-4c0c-8c8b-3f6feac3743c','Jaime, Torres',2202,'8196138d-9c50-4143-b786-7c3be6815435');
INSERT INTO public.tournament_teams (id,created_at,updated_at,deleted_at,name,category_id,member1_id,name1,ranking1,member2_id,name2,ranking2,tournament_id) VALUES
	 ('b7be8f37-28de-4aae-8338-ca883ac55d3a','2023-12-15 19:16:26.030961-06','2023-12-15 19:16:26.030961-06',NULL,'Pareja  - 21','64c56c28-6c76-4c40-915e-6ed710832e96','9dfcee50-2121-4f9c-b5aa-c3c75c6c22c5','Agustin, Aguirre',366,'dfabf07f-877e-448c-a418-86644aa60c55','Juan, Alatorre',1532,'8196138d-9c50-4143-b786-7c3be6815435'),
	 ('87075bcf-2ac5-4df0-b7df-8b38b20e3c0f','2023-12-15 19:16:26.034855-06','2023-12-15 19:16:26.034855-06',NULL,'Pareja  - 22','64c56c28-6c76-4c40-915e-6ed710832e96','16efe93a-8953-427c-abac-1ff5cfed496a','Adan, Villa',841,'aec1e1b3-74c6-4853-a2eb-425e8aa35ea7','Daniel, Estrella',226,'8196138d-9c50-4143-b786-7c3be6815435'),
	 ('c47ee798-15bf-44a5-9247-f0aa621a3462','2023-12-15 19:16:26.037857-06','2023-12-15 19:16:26.037857-06',NULL,'Pareja  - 23','64c56c28-6c76-4c40-915e-6ed710832e96','e48105de-5328-42b9-a33b-706863f28e89','Eric, Almeida',1801,'d67a01ae-96af-443e-84ae-429717e273f1','Alejandro, Celis',2144,'8196138d-9c50-4143-b786-7c3be6815435'),
	 ('776023b5-04b4-4aa6-967b-3b97986acb13','2023-12-15 19:16:26.040137-06','2023-12-15 19:16:26.040137-06',NULL,'Pareja  - 24','64c56c28-6c76-4c40-915e-6ed710832e96','7004fa4b-d047-4370-aa40-4cdb6126e066','Arturo, Perez',704,'03216be9-035e-4802-86bf-882cab5d2d8e','Alonso, Reyes',265,'8196138d-9c50-4143-b786-7c3be6815435');
INSERT INTO public.tournaments (id,created_at,updated_at,deleted_at,description,start_date,end_date,start_time,end_time,roundrobin_days,play_off_days,host_club_id,game_duration,roundrobin_courts,playoff_courts,active) VALUES
	 ('8196138d-9c50-4143-b786-7c3be6815435','2023-12-12 13:02:18.72418-06','2023-12-12 13:02:18.72418-06',NULL,'750 Fecha 12','2023-12-09 18:00:00-06','2023-12-16 18:00:00-06','2023-10-02 18:00:00-05','2023-10-03 00:00:00-05',4,3,'1fcf59a5-996b-4121-b37d-49080f6583fa',60,6,3,true),
	 ('5775a1f9-0f44-4a2d-afd9-83e47fb4e359','2023-12-13 21:45:39.357329-06','2023-12-13 21:45:39.357329-06',NULL,'1000 Padel Sport Guadalupe','2023-11-17 18:00:00-06','2023-11-23 18:00:00-06','2023-10-02 18:00:00-05','2023-10-03 00:00:00-05',3,2,'372b9328-2267-409a-b582-1f696757432b',60,4,4,true);
INSERT INTO public.users (id,created_at,updated_at,deleted_at,email,"password",google_id,image_url,name,family_name,given_name,permission_id,ranking,category_id,birthday,phone,member_since,has_picture) VALUES
	 ('209cf4c4-6c36-4803-a6b4-4e48285fd3ce','2023-12-11 19:25:34.848711-06','2023-12-11 19:25:34.848711-06',NULL,'juan.navarro5@gmail.com','$2a$10$08Rq2H1iXbxpYTmmZbJh1ueHgSB.HuPxiEIiiOldM/rijpXuxEJvG','','','Juan  Navarro5','Navarro5','Juan ',NULL,0,NULL,'0001-12-31 17:23:24-06:36:36 BC','','0001-12-31 17:23:24-06:36:36 BC',NULL),
	 ('541e1ee8-3908-40e9-abc6-c84e430bb6d8','2023-12-11 20:40:07.149551-06','2023-12-11 20:40:07.149551-06',NULL,'juan.navarro68@gmail.com','','111751505227207835600','https://lh3.googleusercontent.com/a/AEdFTp6fK7kniHV6u_TKMiqMy1blxuVJetbTPfdA5ASuqA=s96-c','Juan Navarro','Navarro','Juan','ffb9b6a3-5c49-4b0f-90a4-2338b93154b9',0,'4234c285-5bab-49bf-a5d7-c34ff27ee256','0001-12-31 17:23:24-06:36:36 BC','','0001-12-31 17:23:24-06:36:36 BC',NULL),
	 ('3d87016f-92d9-410c-a2b2-867917a0d294','2023-12-12 11:55:01.827058-06','2023-12-12 11:55:01.827058-06',NULL,'joannita1@yahoo.com.mx','','','','Juana, Ramirez','Ramirez','Juana',NULL,0,NULL,'0001-12-31 17:23:24-06:36:36 BC','','0001-12-31 17:23:24-06:36:36 BC',NULL),
	 ('bf382254-419f-4437-8088-f3af85036b11','2023-12-12 16:03:41.136158-06','2023-12-12 16:03:41.136158-06',NULL,'joel.valenzuela@gmail.com','$2a$10$y65sMkL1cYkCnQogf5QcO.cpjlacdZ3DtJlwf07GNbJ2HRysbQN5e','','','Joel, Valenzuela','Valenzuela','Joel','8194a4d1-2715-4cf7-a322-93d95708afd7',2414,'64c56c28-6c76-4c40-915e-6ed710832e96','0001-12-31 17:23:24-06:36:36 BC','','0001-12-31 17:23:24-06:36:36 BC',NULL),
	 ('2ddcdcb7-46aa-431b-b1b4-4aae0180d06a','2023-12-12 16:03:41.140062-06','2023-12-12 16:03:41.140062-06',NULL,'alejandro.martinez@gmail.com','$2a$10$y65sMkL1cYkCnQogf5QcO.cpjlacdZ3DtJlwf07GNbJ2HRysbQN5e','','','Alejandro, Martinez','Martinez','Alejandro','8194a4d1-2715-4cf7-a322-93d95708afd7',768,'64c56c28-6c76-4c40-915e-6ed710832e96','0001-12-31 17:23:24-06:36:36 BC','','0001-12-31 17:23:24-06:36:36 BC',NULL),
	 ('35dfff3a-59ba-4570-8f7f-921a6b8470b7','2023-12-12 16:03:41.142-06','2023-12-12 16:03:41.142-06',NULL,'rodrigo.estrella@gmail.com','$2a$10$y65sMkL1cYkCnQogf5QcO.cpjlacdZ3DtJlwf07GNbJ2HRysbQN5e','','','Rodrigo, Estrella','Estrella','Rodrigo','8194a4d1-2715-4cf7-a322-93d95708afd7',2763,'64c56c28-6c76-4c40-915e-6ed710832e96','0001-12-31 17:23:24-06:36:36 BC','','0001-12-31 17:23:24-06:36:36 BC',NULL),
	 ('55ebbd2e-7a41-40b1-b5b5-931babf6c6a7','2023-12-12 16:03:41.144263-06','2023-12-12 16:03:41.144263-06',NULL,'felipe.flores@gmail.com','$2a$10$y65sMkL1cYkCnQogf5QcO.cpjlacdZ3DtJlwf07GNbJ2HRysbQN5e','','','Felipe, Flores','Flores','Felipe','8194a4d1-2715-4cf7-a322-93d95708afd7',1713,'64c56c28-6c76-4c40-915e-6ed710832e96','0001-12-31 17:23:24-06:36:36 BC','','0001-12-31 17:23:24-06:36:36 BC',NULL),
	 ('82b088fa-2636-42cd-a0de-29d71f4643d7','2023-12-12 16:03:41.14583-06','2023-12-12 16:03:41.14583-06',NULL,'martin.navarro@gmail.com','$2a$10$y65sMkL1cYkCnQogf5QcO.cpjlacdZ3DtJlwf07GNbJ2HRysbQN5e','','','Martin, Navarro','Navarro','Martin','8194a4d1-2715-4cf7-a322-93d95708afd7',1519,'64c56c28-6c76-4c40-915e-6ed710832e96','0001-12-31 17:23:24-06:36:36 BC','','0001-12-31 17:23:24-06:36:36 BC',NULL),
	 ('9615abf6-8e83-4115-b65a-04c5ff04bdbd','2023-12-12 16:03:41.147923-06','2023-12-12 16:03:41.147923-06',NULL,'arturo.almeida@gmail.com','$2a$10$y65sMkL1cYkCnQogf5QcO.cpjlacdZ3DtJlwf07GNbJ2HRysbQN5e','','','Arturo, Almeida','Almeida','Arturo','8194a4d1-2715-4cf7-a322-93d95708afd7',1059,'64c56c28-6c76-4c40-915e-6ed710832e96','0001-12-31 17:23:24-06:36:36 BC','','0001-12-31 17:23:24-06:36:36 BC',NULL),
	 ('b85bfb5b-eee1-4e80-b3a7-6dd5329ac279','2023-12-12 16:03:41.149974-06','2023-12-12 16:03:41.149974-06',NULL,'eric.tapia2@gmail.com','$2a$10$y65sMkL1cYkCnQogf5QcO.cpjlacdZ3DtJlwf07GNbJ2HRysbQN5e','','','Eric, Tapia2','Tapia2','Eric','8194a4d1-2715-4cf7-a322-93d95708afd7',2095,'64c56c28-6c76-4c40-915e-6ed710832e96','0001-12-31 17:23:24-06:36:36 BC','','0001-12-31 17:23:24-06:36:36 BC',NULL);
INSERT INTO public.users (id,created_at,updated_at,deleted_at,email,"password",google_id,image_url,name,family_name,given_name,permission_id,ranking,category_id,birthday,phone,member_since,has_picture) VALUES
	 ('f9060b4c-390f-4398-93c1-d0535cc12688','2023-12-12 16:03:41.151436-06','2023-12-12 16:03:41.151436-06',NULL,'federico.diaz@gmail.com','$2a$10$y65sMkL1cYkCnQogf5QcO.cpjlacdZ3DtJlwf07GNbJ2HRysbQN5e','','','Federico, Diaz','Diaz','Federico','8194a4d1-2715-4cf7-a322-93d95708afd7',2283,'64c56c28-6c76-4c40-915e-6ed710832e96','0001-12-31 17:23:24-06:36:36 BC','','0001-12-31 17:23:24-06:36:36 BC',NULL),
	 ('7db7cbbd-974b-485e-a399-3eec8ece9f02','2023-12-12 16:03:41.152868-06','2023-12-12 16:03:41.152868-06',NULL,'eric.tapia@gmail.com','$2a$10$y65sMkL1cYkCnQogf5QcO.cpjlacdZ3DtJlwf07GNbJ2HRysbQN5e','','','Eric, Tapia','Tapia','Eric','8194a4d1-2715-4cf7-a322-93d95708afd7',1796,'64c56c28-6c76-4c40-915e-6ed710832e96','0001-12-31 17:23:24-06:36:36 BC','','0001-12-31 17:23:24-06:36:36 BC',NULL),
	 ('a079fcf4-8cf8-42e9-bf31-9cb208014264','2023-12-12 16:03:41.154575-06','2023-12-12 16:03:41.154575-06',NULL,'felipe.correa@gmail.com','$2a$10$y65sMkL1cYkCnQogf5QcO.cpjlacdZ3DtJlwf07GNbJ2HRysbQN5e','','','Felipe, Correa','Correa','Felipe','8194a4d1-2715-4cf7-a322-93d95708afd7',2053,'64c56c28-6c76-4c40-915e-6ed710832e96','0001-12-31 17:23:24-06:36:36 BC','','0001-12-31 17:23:24-06:36:36 BC',NULL),
	 ('779d0505-3c8f-4dab-8eb9-9bd75b255a82','2023-12-12 16:03:41.156021-06','2023-12-12 16:03:41.156021-06',NULL,'jorge.escamilla@gmail.com','$2a$10$y65sMkL1cYkCnQogf5QcO.cpjlacdZ3DtJlwf07GNbJ2HRysbQN5e','','','Jorge, Escamilla','Escamilla','Jorge','8194a4d1-2715-4cf7-a322-93d95708afd7',2037,'64c56c28-6c76-4c40-915e-6ed710832e96','0001-12-31 17:23:24-06:36:36 BC','','0001-12-31 17:23:24-06:36:36 BC',NULL),
	 ('b4733671-e6af-4e17-9684-d8b9358b7f1a','2023-12-12 16:03:41.157524-06','2023-12-12 16:03:41.157524-06',NULL,'felipe.aguirre@gmail.com','$2a$10$y65sMkL1cYkCnQogf5QcO.cpjlacdZ3DtJlwf07GNbJ2HRysbQN5e','','','Felipe, Aguirre','Aguirre','Felipe','8194a4d1-2715-4cf7-a322-93d95708afd7',1435,'64c56c28-6c76-4c40-915e-6ed710832e96','0001-12-31 17:23:24-06:36:36 BC','','0001-12-31 17:23:24-06:36:36 BC',NULL),
	 ('6cd59fd1-d366-49a5-ae92-02b3bdc55236','2023-12-12 16:03:41.158856-06','2023-12-12 16:03:41.158856-06',NULL,'jose.gonzalez@gmail.com','$2a$10$y65sMkL1cYkCnQogf5QcO.cpjlacdZ3DtJlwf07GNbJ2HRysbQN5e','','','Jose, Gonzalez','Gonzalez','Jose','8194a4d1-2715-4cf7-a322-93d95708afd7',1428,'64c56c28-6c76-4c40-915e-6ed710832e96','0001-12-31 17:23:24-06:36:36 BC','','0001-12-31 17:23:24-06:36:36 BC',NULL),
	 ('82c17df8-cd64-494a-bb09-872ab01f6a47','2023-12-12 16:03:41.159683-06','2023-12-12 16:03:41.159683-06',NULL,'ivan.esquivel@gmail.com','$2a$10$y65sMkL1cYkCnQogf5QcO.cpjlacdZ3DtJlwf07GNbJ2HRysbQN5e','','','Ivan, Esquivel','Esquivel','Ivan','8194a4d1-2715-4cf7-a322-93d95708afd7',956,'64c56c28-6c76-4c40-915e-6ed710832e96','0001-12-31 17:23:24-06:36:36 BC','','0001-12-31 17:23:24-06:36:36 BC',NULL),
	 ('94c07c15-72aa-470c-8466-33deb5ee77b1','2023-12-12 16:03:41.160521-06','2023-12-12 16:03:41.160521-06',NULL,'alfredo.napoles@gmail.com','$2a$10$y65sMkL1cYkCnQogf5QcO.cpjlacdZ3DtJlwf07GNbJ2HRysbQN5e','','','Alfredo, Napoles','Napoles','Alfredo','8194a4d1-2715-4cf7-a322-93d95708afd7',1366,'64c56c28-6c76-4c40-915e-6ed710832e96','0001-12-31 17:23:24-06:36:36 BC','','0001-12-31 17:23:24-06:36:36 BC',NULL),
	 ('38f3a4c2-0945-4aa1-8ae1-8d1071bd8ea4','2023-12-12 16:03:41.16136-06','2023-12-12 16:03:41.16136-06',NULL,'ivan.belasteguin@gmail.com','$2a$10$y65sMkL1cYkCnQogf5QcO.cpjlacdZ3DtJlwf07GNbJ2HRysbQN5e','','','Ivan, Belasteguin','Belasteguin','Ivan','8194a4d1-2715-4cf7-a322-93d95708afd7',1538,'64c56c28-6c76-4c40-915e-6ed710832e96','0001-12-31 17:23:24-06:36:36 BC','','0001-12-31 17:23:24-06:36:36 BC',NULL),
	 ('7388e0b6-0a9b-4ebb-a001-cdcf7a726d04','2023-12-12 16:03:41.16208-06','2023-12-12 16:03:41.16208-06',NULL,'diego.gastelum@gmail.com','$2a$10$y65sMkL1cYkCnQogf5QcO.cpjlacdZ3DtJlwf07GNbJ2HRysbQN5e','','','Diego, Gastelum','Gastelum','Diego','8194a4d1-2715-4cf7-a322-93d95708afd7',2336,'64c56c28-6c76-4c40-915e-6ed710832e96','0001-12-31 17:23:24-06:36:36 BC','','0001-12-31 17:23:24-06:36:36 BC',NULL);
INSERT INTO public.users (id,created_at,updated_at,deleted_at,email,"password",google_id,image_url,name,family_name,given_name,permission_id,ranking,category_id,birthday,phone,member_since,has_picture) VALUES
	 ('bef5b583-359f-489f-ab0d-bdc6957e1baa','2023-12-12 16:03:41.162782-06','2023-12-12 16:03:41.162782-06',NULL,'jaime.navarro@gmail.com','$2a$10$y65sMkL1cYkCnQogf5QcO.cpjlacdZ3DtJlwf07GNbJ2HRysbQN5e','','','Jaime, Navarro','Navarro','Jaime','8194a4d1-2715-4cf7-a322-93d95708afd7',1026,'64c56c28-6c76-4c40-915e-6ed710832e96','0001-12-31 17:23:24-06:36:36 BC','','0001-12-31 17:23:24-06:36:36 BC',NULL),
	 ('096b8ed4-e0a5-4f40-817c-ecf95e14e663','2023-12-12 16:03:41.16347-06','2023-12-12 16:03:41.16347-06',NULL,'juan.alatorre2@gmail.com','$2a$10$y65sMkL1cYkCnQogf5QcO.cpjlacdZ3DtJlwf07GNbJ2HRysbQN5e','','','Juan, Alatorre2','Alatorre2','Juan','8194a4d1-2715-4cf7-a322-93d95708afd7',1587,'64c56c28-6c76-4c40-915e-6ed710832e96','0001-12-31 17:23:24-06:36:36 BC','','0001-12-31 17:23:24-06:36:36 BC',NULL),
	 ('77c22539-42ff-4c0e-91e7-3a60de8942c0','2023-12-12 16:03:41.16417-06','2023-12-12 16:03:41.16417-06',NULL,'agustin.frias@gmail.com','$2a$10$y65sMkL1cYkCnQogf5QcO.cpjlacdZ3DtJlwf07GNbJ2HRysbQN5e','','','Agustin, Frias','Frias','Agustin','8194a4d1-2715-4cf7-a322-93d95708afd7',1618,'64c56c28-6c76-4c40-915e-6ed710832e96','0001-12-31 17:23:24-06:36:36 BC','','0001-12-31 17:23:24-06:36:36 BC',NULL),
	 ('6d1bb2b7-e457-4a0c-9d9e-5ad401f32eda','2023-12-12 16:03:41.164844-06','2023-12-12 16:03:41.164844-06',NULL,'agustin.perez@gmail.com','$2a$10$y65sMkL1cYkCnQogf5QcO.cpjlacdZ3DtJlwf07GNbJ2HRysbQN5e','','','Agustin, Perez','Perez','Agustin','8194a4d1-2715-4cf7-a322-93d95708afd7',1305,'64c56c28-6c76-4c40-915e-6ed710832e96','0001-12-31 17:23:24-06:36:36 BC','','0001-12-31 17:23:24-06:36:36 BC',NULL),
	 ('9dfcee50-2121-4f9c-b5aa-c3c75c6c22c5','2023-12-12 16:03:41.165521-06','2023-12-12 16:03:41.165521-06',NULL,'agustin.aguirre@gmail.com','$2a$10$y65sMkL1cYkCnQogf5QcO.cpjlacdZ3DtJlwf07GNbJ2HRysbQN5e','','','Agustin, Aguirre','Aguirre','Agustin','8194a4d1-2715-4cf7-a322-93d95708afd7',366,'64c56c28-6c76-4c40-915e-6ed710832e96','0001-12-31 17:23:24-06:36:36 BC','','0001-12-31 17:23:24-06:36:36 BC',NULL),
	 ('16efe93a-8953-427c-abac-1ff5cfed496a','2023-12-12 16:03:41.166316-06','2023-12-12 16:03:41.166316-06',NULL,'adan.villa@gmail.com','$2a$10$y65sMkL1cYkCnQogf5QcO.cpjlacdZ3DtJlwf07GNbJ2HRysbQN5e','','','Adan, Villa','Villa','Adan','8194a4d1-2715-4cf7-a322-93d95708afd7',841,'64c56c28-6c76-4c40-915e-6ed710832e96','0001-12-31 17:23:24-06:36:36 BC','','0001-12-31 17:23:24-06:36:36 BC',NULL),
	 ('e48105de-5328-42b9-a33b-706863f28e89','2023-12-12 16:03:41.167103-06','2023-12-12 16:03:41.167103-06',NULL,'eric.almeida@gmail.com','$2a$10$y65sMkL1cYkCnQogf5QcO.cpjlacdZ3DtJlwf07GNbJ2HRysbQN5e','','','Eric, Almeida','Almeida','Eric','8194a4d1-2715-4cf7-a322-93d95708afd7',1801,'64c56c28-6c76-4c40-915e-6ed710832e96','0001-12-31 17:23:24-06:36:36 BC','','0001-12-31 17:23:24-06:36:36 BC',NULL),
	 ('7004fa4b-d047-4370-aa40-4cdb6126e066','2023-12-12 16:03:41.167891-06','2023-12-12 16:03:41.167891-06',NULL,'arturo.perez@gmail.com','$2a$10$y65sMkL1cYkCnQogf5QcO.cpjlacdZ3DtJlwf07GNbJ2HRysbQN5e','','','Arturo, Perez','Perez','Arturo','8194a4d1-2715-4cf7-a322-93d95708afd7',704,'64c56c28-6c76-4c40-915e-6ed710832e96','0001-12-31 17:23:24-06:36:36 BC','','0001-12-31 17:23:24-06:36:36 BC',NULL),
	 ('83ea2467-97df-4006-9ad3-57581dc17144','2023-12-12 16:03:41.168617-06','2023-12-12 16:03:41.168617-06',NULL,'octavio.diaz@gmail.com','$2a$10$y65sMkL1cYkCnQogf5QcO.cpjlacdZ3DtJlwf07GNbJ2HRysbQN5e','','','Octavio, Diaz','Diaz','Octavio','8194a4d1-2715-4cf7-a322-93d95708afd7',505,'64c56c28-6c76-4c40-915e-6ed710832e96','0001-12-31 17:23:24-06:36:36 BC','','0001-12-31 17:23:24-06:36:36 BC',NULL),
	 ('77223787-7d87-43e1-bfcd-e1c1fd869ec3','2023-12-12 16:03:41.169701-06','2023-12-12 16:03:41.169701-06',NULL,'jaime.faisal@gmail.com','$2a$10$y65sMkL1cYkCnQogf5QcO.cpjlacdZ3DtJlwf07GNbJ2HRysbQN5e','','','Jaime, Faisal','Faisal','Jaime','8194a4d1-2715-4cf7-a322-93d95708afd7',798,'64c56c28-6c76-4c40-915e-6ed710832e96','0001-12-31 17:23:24-06:36:36 BC','','0001-12-31 17:23:24-06:36:36 BC',NULL);
INSERT INTO public.users (id,created_at,updated_at,deleted_at,email,"password",google_id,image_url,name,family_name,given_name,permission_id,ranking,category_id,birthday,phone,member_since,has_picture) VALUES
	 ('e2245789-36b4-4723-ae03-295de0db682b','2023-12-12 16:03:41.170431-06','2023-12-12 16:03:41.170431-06',NULL,'luis.napoles@gmail.com','$2a$10$y65sMkL1cYkCnQogf5QcO.cpjlacdZ3DtJlwf07GNbJ2HRysbQN5e','','','Luis, Napoles','Napoles','Luis','8194a4d1-2715-4cf7-a322-93d95708afd7',519,'64c56c28-6c76-4c40-915e-6ed710832e96','0001-12-31 17:23:24-06:36:36 BC','','0001-12-31 17:23:24-06:36:36 BC',NULL),
	 ('dc5341b9-a73a-488e-9838-56454f7d3997','2023-12-12 16:03:41.171132-06','2023-12-12 16:03:41.171132-06',NULL,'luis.romo@gmail.com','$2a$10$y65sMkL1cYkCnQogf5QcO.cpjlacdZ3DtJlwf07GNbJ2HRysbQN5e','','','Luis, Romo','Romo','Luis','8194a4d1-2715-4cf7-a322-93d95708afd7',1344,'64c56c28-6c76-4c40-915e-6ed710832e96','0001-12-31 17:23:24-06:36:36 BC','','0001-12-31 17:23:24-06:36:36 BC',NULL),
	 ('f8d48300-1a9c-42e0-9c3e-0f2178a4c0e3','2023-12-12 16:03:41.171823-06','2023-12-12 16:03:41.171823-06',NULL,'ramiro.santaella@gmail.com','$2a$10$y65sMkL1cYkCnQogf5QcO.cpjlacdZ3DtJlwf07GNbJ2HRysbQN5e','','','Ramiro, Santaella','Santaella','Ramiro','8194a4d1-2715-4cf7-a322-93d95708afd7',1192,'64c56c28-6c76-4c40-915e-6ed710832e96','0001-12-31 17:23:24-06:36:36 BC','','0001-12-31 17:23:24-06:36:36 BC',NULL),
	 ('626a7ffd-779a-42cc-9d9f-c8304da06928','2023-12-12 16:03:41.172515-06','2023-12-12 16:03:41.172515-06',NULL,'carlos.maravilla@gmail.com','$2a$10$y65sMkL1cYkCnQogf5QcO.cpjlacdZ3DtJlwf07GNbJ2HRysbQN5e','','','Carlos, Maravilla','Maravilla','Carlos','8194a4d1-2715-4cf7-a322-93d95708afd7',872,'64c56c28-6c76-4c40-915e-6ed710832e96','0001-12-31 17:23:24-06:36:36 BC','','0001-12-31 17:23:24-06:36:36 BC',NULL),
	 ('50d0f904-63f6-4e2b-9cd5-5a6d2374ecad','2023-12-12 16:03:41.173193-06','2023-12-12 16:03:41.173193-06',NULL,'jaime.torres2@gmail.com','$2a$10$y65sMkL1cYkCnQogf5QcO.cpjlacdZ3DtJlwf07GNbJ2HRysbQN5e','','','Jaime, Torres2','Torres2','Jaime','8194a4d1-2715-4cf7-a322-93d95708afd7',1643,'64c56c28-6c76-4c40-915e-6ed710832e96','0001-12-31 17:23:24-06:36:36 BC','','0001-12-31 17:23:24-06:36:36 BC',NULL),
	 ('044b9369-7ada-46ed-8371-c483e848cb6f','2023-12-12 16:03:41.173972-06','2023-12-12 16:03:41.173972-06',NULL,'alonso.sotomayor@gmail.com','$2a$10$y65sMkL1cYkCnQogf5QcO.cpjlacdZ3DtJlwf07GNbJ2HRysbQN5e','','','Alonso, Sotomayor','Sotomayor','Alonso','8194a4d1-2715-4cf7-a322-93d95708afd7',1848,'64c56c28-6c76-4c40-915e-6ed710832e96','0001-12-31 17:23:24-06:36:36 BC','','0001-12-31 17:23:24-06:36:36 BC',NULL),
	 ('468d19b8-691f-4a75-867c-d947f6f0215f','2023-12-12 16:03:41.174727-06','2023-12-12 16:03:41.174727-06',NULL,'eric.belasteguin@gmail.com','$2a$10$y65sMkL1cYkCnQogf5QcO.cpjlacdZ3DtJlwf07GNbJ2HRysbQN5e','','','Eric, Belasteguin','Belasteguin','Eric','8194a4d1-2715-4cf7-a322-93d95708afd7',57,'64c56c28-6c76-4c40-915e-6ed710832e96','0001-12-31 17:23:24-06:36:36 BC','','0001-12-31 17:23:24-06:36:36 BC',NULL),
	 ('404256b1-0c29-4e3b-8931-a038848ddc58','2023-12-12 16:03:41.175599-06','2023-12-12 16:03:41.175599-06',NULL,'arturo.gonzalez@gmail.com','$2a$10$y65sMkL1cYkCnQogf5QcO.cpjlacdZ3DtJlwf07GNbJ2HRysbQN5e','','','Arturo, Gonzalez','Gonzalez','Arturo','8194a4d1-2715-4cf7-a322-93d95708afd7',2844,'64c56c28-6c76-4c40-915e-6ed710832e96','0001-12-31 17:23:24-06:36:36 BC','','0001-12-31 17:23:24-06:36:36 BC',NULL),
	 ('f4d2ef75-7388-4ffc-b65a-632c46398ccf','2023-12-12 16:03:41.176333-06','2023-12-12 16:03:41.176333-06',NULL,'arturo.ramirez@gmail.com','$2a$10$y65sMkL1cYkCnQogf5QcO.cpjlacdZ3DtJlwf07GNbJ2HRysbQN5e','','','Arturo, Ramirez','Ramirez','Arturo','8194a4d1-2715-4cf7-a322-93d95708afd7',2777,'64c56c28-6c76-4c40-915e-6ed710832e96','0001-12-31 17:23:24-06:36:36 BC','','0001-12-31 17:23:24-06:36:36 BC',NULL),
	 ('9ad008d3-c850-4d2c-8ba1-bd412a1ef71a','2023-12-12 16:03:41.177016-06','2023-12-12 16:03:41.177016-06',NULL,'pedro.esquivel@gmail.com','$2a$10$y65sMkL1cYkCnQogf5QcO.cpjlacdZ3DtJlwf07GNbJ2HRysbQN5e','','','Pedro, Esquivel','Esquivel','Pedro','8194a4d1-2715-4cf7-a322-93d95708afd7',2384,'64c56c28-6c76-4c40-915e-6ed710832e96','0001-12-31 17:23:24-06:36:36 BC','','0001-12-31 17:23:24-06:36:36 BC',NULL);
INSERT INTO public.users (id,created_at,updated_at,deleted_at,email,"password",google_id,image_url,name,family_name,given_name,permission_id,ranking,category_id,birthday,phone,member_since,has_picture) VALUES
	 ('e0236cf2-d9d0-4f2a-bf10-816cf1f88331','2023-12-12 16:03:41.177711-06','2023-12-12 16:03:41.177711-06',NULL,'agustin.valenzuela@gmail.com','$2a$10$y65sMkL1cYkCnQogf5QcO.cpjlacdZ3DtJlwf07GNbJ2HRysbQN5e','','','Agustin, Valenzuela','Valenzuela','Agustin','8194a4d1-2715-4cf7-a322-93d95708afd7',1375,'64c56c28-6c76-4c40-915e-6ed710832e96','0001-12-31 17:23:24-06:36:36 BC','','0001-12-31 17:23:24-06:36:36 BC',NULL),
	 ('bdd0656f-7eff-4746-a4ac-46697eeecce0','2023-12-12 16:03:41.17838-06','2023-12-12 16:03:41.17838-06',NULL,'pedro.sotomayor@gmail.com','$2a$10$y65sMkL1cYkCnQogf5QcO.cpjlacdZ3DtJlwf07GNbJ2HRysbQN5e','','','Pedro, Sotomayor','Sotomayor','Pedro','8194a4d1-2715-4cf7-a322-93d95708afd7',1884,'64c56c28-6c76-4c40-915e-6ed710832e96','0001-12-31 17:23:24-06:36:36 BC','','0001-12-31 17:23:24-06:36:36 BC',NULL),
	 ('62a045d6-e249-427f-8332-2f2828ad3c47','2023-12-12 16:03:41.179282-06','2023-12-12 16:03:41.179282-06',NULL,'facundo.diaz@gmail.com','$2a$10$y65sMkL1cYkCnQogf5QcO.cpjlacdZ3DtJlwf07GNbJ2HRysbQN5e','','','Facundo, Diaz','Diaz','Facundo','8194a4d1-2715-4cf7-a322-93d95708afd7',1765,'64c56c28-6c76-4c40-915e-6ed710832e96','0001-12-31 17:23:24-06:36:36 BC','','0001-12-31 17:23:24-06:36:36 BC',NULL),
	 ('011e207f-46f7-4d88-91a5-65ed53c6728a','2023-12-12 16:03:41.179984-06','2023-12-12 16:03:41.179984-06',NULL,'julio.maya@gmail.com','$2a$10$y65sMkL1cYkCnQogf5QcO.cpjlacdZ3DtJlwf07GNbJ2HRysbQN5e','','','Julio, Maya','Maya','Julio','8194a4d1-2715-4cf7-a322-93d95708afd7',636,'64c56c28-6c76-4c40-915e-6ed710832e96','0001-12-31 17:23:24-06:36:36 BC','','0001-12-31 17:23:24-06:36:36 BC',NULL),
	 ('e5fc1034-9c60-4c36-ae80-89ab272a92f2','2023-12-12 16:03:41.180674-06','2023-12-12 16:03:41.180674-06',NULL,'alonso.rodriguez@gmail.com','$2a$10$y65sMkL1cYkCnQogf5QcO.cpjlacdZ3DtJlwf07GNbJ2HRysbQN5e','','','Alonso, Rodriguez','Rodriguez','Alonso','8194a4d1-2715-4cf7-a322-93d95708afd7',2052,'64c56c28-6c76-4c40-915e-6ed710832e96','0001-12-31 17:23:24-06:36:36 BC','','0001-12-31 17:23:24-06:36:36 BC',NULL),
	 ('8c824325-07a7-46f1-9f3e-b1c4951a3875','2023-12-12 16:03:41.181321-06','2023-12-12 16:03:41.181321-06',NULL,'francisco.reyes@gmail.com','$2a$10$y65sMkL1cYkCnQogf5QcO.cpjlacdZ3DtJlwf07GNbJ2HRysbQN5e','','','Francisco, Reyes','Reyes','Francisco','8194a4d1-2715-4cf7-a322-93d95708afd7',888,'64c56c28-6c76-4c40-915e-6ed710832e96','0001-12-31 17:23:24-06:36:36 BC','','0001-12-31 17:23:24-06:36:36 BC',NULL),
	 ('cd4b2afc-3d9e-4c0c-8c8b-3f6feac3743c','2023-12-12 16:03:41.182053-06','2023-12-12 16:03:41.182053-06',NULL,'jaime.torres@gmail.com','$2a$10$y65sMkL1cYkCnQogf5QcO.cpjlacdZ3DtJlwf07GNbJ2HRysbQN5e','','','Jaime, Torres','Torres','Jaime','8194a4d1-2715-4cf7-a322-93d95708afd7',2202,'64c56c28-6c76-4c40-915e-6ed710832e96','0001-12-31 17:23:24-06:36:36 BC','','0001-12-31 17:23:24-06:36:36 BC',NULL),
	 ('dfabf07f-877e-448c-a418-86644aa60c55','2023-12-12 16:03:41.182735-06','2023-12-12 16:03:41.182735-06',NULL,'juan.alatorre@gmail.com','$2a$10$y65sMkL1cYkCnQogf5QcO.cpjlacdZ3DtJlwf07GNbJ2HRysbQN5e','','','Juan, Alatorre','Alatorre','Juan','8194a4d1-2715-4cf7-a322-93d95708afd7',1532,'64c56c28-6c76-4c40-915e-6ed710832e96','0001-12-31 17:23:24-06:36:36 BC','','0001-12-31 17:23:24-06:36:36 BC',NULL),
	 ('aec1e1b3-74c6-4853-a2eb-425e8aa35ea7','2023-12-12 16:03:41.1834-06','2023-12-12 16:03:41.1834-06',NULL,'daniel.estrella@gmail.com','$2a$10$y65sMkL1cYkCnQogf5QcO.cpjlacdZ3DtJlwf07GNbJ2HRysbQN5e','','','Daniel, Estrella','Estrella','Daniel','8194a4d1-2715-4cf7-a322-93d95708afd7',226,'64c56c28-6c76-4c40-915e-6ed710832e96','0001-12-31 17:23:24-06:36:36 BC','','0001-12-31 17:23:24-06:36:36 BC',NULL),
	 ('d67a01ae-96af-443e-84ae-429717e273f1','2023-12-12 16:03:41.184102-06','2023-12-12 16:03:41.184102-06',NULL,'alejandro.celis@gmail.com','$2a$10$y65sMkL1cYkCnQogf5QcO.cpjlacdZ3DtJlwf07GNbJ2HRysbQN5e','','','Alejandro, Celis','Celis','Alejandro','8194a4d1-2715-4cf7-a322-93d95708afd7',2144,'64c56c28-6c76-4c40-915e-6ed710832e96','0001-12-31 17:23:24-06:36:36 BC','','0001-12-31 17:23:24-06:36:36 BC',NULL);
INSERT INTO public.users (id,created_at,updated_at,deleted_at,email,"password",google_id,image_url,name,family_name,given_name,permission_id,ranking,category_id,birthday,phone,member_since,has_picture) VALUES
	 ('03216be9-035e-4802-86bf-882cab5d2d8e','2023-12-12 16:03:41.184734-06','2023-12-12 16:03:41.184734-06',NULL,'alonso.reyes@gmail.com','$2a$10$y65sMkL1cYkCnQogf5QcO.cpjlacdZ3DtJlwf07GNbJ2HRysbQN5e','','','Alonso, Reyes','Reyes','Alonso','8194a4d1-2715-4cf7-a322-93d95708afd7',265,'64c56c28-6c76-4c40-915e-6ed710832e96','0001-12-31 17:23:24-06:36:36 BC','','0001-12-31 17:23:24-06:36:36 BC',NULL),
	 ('4edf5ca0-237c-48d6-8ae8-15cc75ca2fc1','2023-12-12 16:03:41.185418-06','2023-12-12 16:03:41.185418-06',NULL,'joel.alvarez@gmail.com','$2a$10$y65sMkL1cYkCnQogf5QcO.cpjlacdZ3DtJlwf07GNbJ2HRysbQN5e','','','Joel, Alvarez','Alvarez','Joel','8194a4d1-2715-4cf7-a322-93d95708afd7',1467,'64c56c28-6c76-4c40-915e-6ed710832e96','0001-12-31 17:23:24-06:36:36 BC','','0001-12-31 17:23:24-06:36:36 BC',NULL),
	 ('4325a36f-269b-4f6e-b524-f62279c1f8c4','2023-12-12 16:03:41.186113-06','2023-12-12 16:03:41.186113-06',NULL,'jorge.almeida@gmail.com','$2a$10$y65sMkL1cYkCnQogf5QcO.cpjlacdZ3DtJlwf07GNbJ2HRysbQN5e','','','Jorge, Almeida','Almeida','Jorge','8194a4d1-2715-4cf7-a322-93d95708afd7',1455,'64c56c28-6c76-4c40-915e-6ed710832e96','0001-12-31 17:23:24-06:36:36 BC','','0001-12-31 17:23:24-06:36:36 BC',NULL),
	 ('40811c35-62f2-49ed-9e24-53c114060cec','2023-12-12 16:03:41.186812-06','2023-12-12 16:03:41.186812-06',NULL,'daniel.alvarez@gmail.com','$2a$10$y65sMkL1cYkCnQogf5QcO.cpjlacdZ3DtJlwf07GNbJ2HRysbQN5e','','','Daniel, Alvarez','Alvarez','Daniel','8194a4d1-2715-4cf7-a322-93d95708afd7',453,'64c56c28-6c76-4c40-915e-6ed710832e96','0001-12-31 17:23:24-06:36:36 BC','','0001-12-31 17:23:24-06:36:36 BC',NULL),
	 ('c49c22ff-7511-4dea-a73e-bfdea6d02bd6','2023-12-12 16:03:41.187516-06','2023-12-12 16:03:41.187516-06',NULL,'pablo.poil@gmail.com','$2a$10$y65sMkL1cYkCnQogf5QcO.cpjlacdZ3DtJlwf07GNbJ2HRysbQN5e','','','Pablo, Poil','Poil','Pablo','8194a4d1-2715-4cf7-a322-93d95708afd7',600,'64c56c28-6c76-4c40-915e-6ed710832e96','0001-12-31 17:23:24-06:36:36 BC','','0001-12-31 17:23:24-06:36:36 BC',NULL),
	 ('b8346984-6fa8-4293-9546-1683bf491464','2023-12-12 16:03:41.188209-06','2023-12-12 16:03:41.188209-06',NULL,'diego.martinez@gmail.com','$2a$10$y65sMkL1cYkCnQogf5QcO.cpjlacdZ3DtJlwf07GNbJ2HRysbQN5e','','','Diego, Martinez','Martinez','Diego','8194a4d1-2715-4cf7-a322-93d95708afd7',1596,'64c56c28-6c76-4c40-915e-6ed710832e96','0001-12-31 17:23:24-06:36:36 BC','','0001-12-31 17:23:24-06:36:36 BC',NULL),
	 ('5473d171-15ae-4110-aea4-98b52fd1b25a','2023-12-12 16:03:41.188901-06','2023-12-12 16:03:41.188901-06',NULL,'gerardo.almeida@gmail.com','$2a$10$y65sMkL1cYkCnQogf5QcO.cpjlacdZ3DtJlwf07GNbJ2HRysbQN5e','','','Gerardo, Almeida','Almeida','Gerardo','8194a4d1-2715-4cf7-a322-93d95708afd7',1423,'64c56c28-6c76-4c40-915e-6ed710832e96','0001-12-31 17:23:24-06:36:36 BC','','0001-12-31 17:23:24-06:36:36 BC',NULL),
	 ('55fd4abf-5d81-4552-9c4b-6a688749f2fe','2023-12-12 16:03:41.189607-06','2023-12-12 16:03:41.189607-06',NULL,'armando.ramirez@gmail.com','$2a$10$y65sMkL1cYkCnQogf5QcO.cpjlacdZ3DtJlwf07GNbJ2HRysbQN5e','','','Armando, Ramirez','Ramirez','Armando','8194a4d1-2715-4cf7-a322-93d95708afd7',113,'64c56c28-6c76-4c40-915e-6ed710832e96','0001-12-31 17:23:24-06:36:36 BC','','0001-12-31 17:23:24-06:36:36 BC',NULL),
	 ('9bc4900a-216c-4d29-98ee-d6b1f1863a3a','2023-12-12 16:03:41.190284-06','2023-12-12 16:03:41.190284-06',NULL,'alvaro.tapia@gmail.com','$2a$10$y65sMkL1cYkCnQogf5QcO.cpjlacdZ3DtJlwf07GNbJ2HRysbQN5e','','','Alvaro, Tapia','Tapia','Alvaro','8194a4d1-2715-4cf7-a322-93d95708afd7',1206,'64c56c28-6c76-4c40-915e-6ed710832e96','0001-12-31 17:23:24-06:36:36 BC','','0001-12-31 17:23:24-06:36:36 BC',NULL),
	 ('ed8fdcc5-f64f-4586-8b51-cbdf6104522d','2023-12-12 16:03:41.190975-06','2023-12-12 16:03:41.190975-06',NULL,'antonio.barajas@gmail.com','$2a$10$y65sMkL1cYkCnQogf5QcO.cpjlacdZ3DtJlwf07GNbJ2HRysbQN5e','','','Antonio, Barajas','Barajas','Antonio','8194a4d1-2715-4cf7-a322-93d95708afd7',2184,'64c56c28-6c76-4c40-915e-6ed710832e96','0001-12-31 17:23:24-06:36:36 BC','','0001-12-31 17:23:24-06:36:36 BC',NULL);
INSERT INTO public.users (id,created_at,updated_at,deleted_at,email,"password",google_id,image_url,name,family_name,given_name,permission_id,ranking,category_id,birthday,phone,member_since,has_picture) VALUES
	 ('c22fff57-f8bf-4a43-a4ff-887211f0e355','2023-12-12 16:03:41.191782-06','2023-12-12 16:03:41.191782-06',NULL,'diego.tapia@gmail.com','$2a$10$y65sMkL1cYkCnQogf5QcO.cpjlacdZ3DtJlwf07GNbJ2HRysbQN5e','','','Diego, Tapia','Tapia','Diego','8194a4d1-2715-4cf7-a322-93d95708afd7',2370,'64c56c28-6c76-4c40-915e-6ed710832e96','0001-12-31 17:23:24-06:36:36 BC','','0001-12-31 17:23:24-06:36:36 BC',NULL),
	 ('7cd28a65-8b24-46d9-93b7-403bebcc8ab0','2023-12-12 16:03:41.192639-06','2023-12-12 16:03:41.192639-06',NULL,'pedro.flores@gmail.com','$2a$10$y65sMkL1cYkCnQogf5QcO.cpjlacdZ3DtJlwf07GNbJ2HRysbQN5e','','','Pedro, Flores','Flores','Pedro','8194a4d1-2715-4cf7-a322-93d95708afd7',1480,'64c56c28-6c76-4c40-915e-6ed710832e96','0001-12-31 17:23:24-06:36:36 BC','','0001-12-31 17:23:24-06:36:36 BC',NULL),
	 ('0ef81084-e68c-483a-8a0c-476b8c2636a8','2023-12-12 16:03:41.193411-06','2023-12-12 16:03:41.193411-06',NULL,'agustin.celis@gmail.com','$2a$10$y65sMkL1cYkCnQogf5QcO.cpjlacdZ3DtJlwf07GNbJ2HRysbQN5e','','','Agustin, Celis','Celis','Agustin','8194a4d1-2715-4cf7-a322-93d95708afd7',2371,'64c56c28-6c76-4c40-915e-6ed710832e96','0001-12-31 17:23:24-06:36:36 BC','','0001-12-31 17:23:24-06:36:36 BC',NULL),
	 ('7cfb4e8a-4fca-4937-8733-ce15677be868','2023-12-12 16:03:41.194186-06','2023-12-12 16:03:41.194186-06',NULL,'arturo.olmos@gmail.com','$2a$10$y65sMkL1cYkCnQogf5QcO.cpjlacdZ3DtJlwf07GNbJ2HRysbQN5e','','','Arturo, Olmos','Olmos','Arturo','8194a4d1-2715-4cf7-a322-93d95708afd7',0,'64c56c28-6c76-4c40-915e-6ed710832e96','0001-12-31 17:23:24-06:36:36 BC','','0001-12-31 17:23:24-06:36:36 BC',NULL),
	 ('996f54c7-b952-451e-8981-a2d48a24e06c','2023-12-12 16:03:41.194912-06','2023-12-12 16:03:41.194912-06',NULL,'antonio.salgado@gmail.com','$2a$10$y65sMkL1cYkCnQogf5QcO.cpjlacdZ3DtJlwf07GNbJ2HRysbQN5e','','','Antonio, Salgado','Salgado','Antonio','8194a4d1-2715-4cf7-a322-93d95708afd7',68,'64c56c28-6c76-4c40-915e-6ed710832e96','0001-12-31 17:23:24-06:36:36 BC','','0001-12-31 17:23:24-06:36:36 BC',NULL),
	 ('ed11bb73-d76d-4a55-b6dd-915841bf1788','2023-12-12 16:03:41.195614-06','2023-12-12 16:03:41.195614-06',NULL,'alfredo.romo@gmail.com','$2a$10$y65sMkL1cYkCnQogf5QcO.cpjlacdZ3DtJlwf07GNbJ2HRysbQN5e','','','Alfredo, Romo','Romo','Alfredo','8194a4d1-2715-4cf7-a322-93d95708afd7',276,'64c56c28-6c76-4c40-915e-6ed710832e96','0001-12-31 17:23:24-06:36:36 BC','','0001-12-31 17:23:24-06:36:36 BC',NULL),
	 ('b55ec21a-7b66-4014-ae3b-da5668aeee9c','2023-12-12 16:03:41.196365-06','2023-12-12 16:03:41.196365-06',NULL,'francisco.flores@gmail.com','$2a$10$y65sMkL1cYkCnQogf5QcO.cpjlacdZ3DtJlwf07GNbJ2HRysbQN5e','','','Francisco, Flores','Flores','Francisco','8194a4d1-2715-4cf7-a322-93d95708afd7',613,'64c56c28-6c76-4c40-915e-6ed710832e96','0001-12-31 17:23:24-06:36:36 BC','','0001-12-31 17:23:24-06:36:36 BC',NULL),
	 ('27b83fed-806e-428a-ac1f-40cc20e8bddf','2023-12-12 16:03:41.197081-06','2023-12-12 16:03:41.197081-06',NULL,'ramiro.almeida@gmail.com','$2a$10$y65sMkL1cYkCnQogf5QcO.cpjlacdZ3DtJlwf07GNbJ2HRysbQN5e','','','Ramiro, Almeida','Almeida','Ramiro','8194a4d1-2715-4cf7-a322-93d95708afd7',1367,'64c56c28-6c76-4c40-915e-6ed710832e96','0001-12-31 17:23:24-06:36:36 BC','','0001-12-31 17:23:24-06:36:36 BC',NULL),
	 ('350e3f8e-6283-4175-8870-d9c1e438f6ce','2023-12-12 16:03:41.197751-06','2023-12-12 16:03:41.197751-06',NULL,'jorge.correa@gmail.com','$2a$10$y65sMkL1cYkCnQogf5QcO.cpjlacdZ3DtJlwf07GNbJ2HRysbQN5e','','','Jorge, Correa','Correa','Jorge','8194a4d1-2715-4cf7-a322-93d95708afd7',164,'64c56c28-6c76-4c40-915e-6ed710832e96','0001-12-31 17:23:24-06:36:36 BC','','0001-12-31 17:23:24-06:36:36 BC',NULL),
	 ('2c111845-86e9-45f9-a391-2a6b20b0bbb1','2023-12-12 16:03:41.198429-06','2023-12-12 16:03:41.198429-06',NULL,'daniel.sottil@gmail.com','$2a$10$y65sMkL1cYkCnQogf5QcO.cpjlacdZ3DtJlwf07GNbJ2HRysbQN5e','','','Daniel, Sottil','Sottil','Daniel','8194a4d1-2715-4cf7-a322-93d95708afd7',2333,'64c56c28-6c76-4c40-915e-6ed710832e96','0001-12-31 17:23:24-06:36:36 BC','','0001-12-31 17:23:24-06:36:36 BC',NULL);
INSERT INTO public.users (id,created_at,updated_at,deleted_at,email,"password",google_id,image_url,name,family_name,given_name,permission_id,ranking,category_id,birthday,phone,member_since,has_picture) VALUES
	 ('96cd09eb-0329-4abc-9b17-99d74eb3cc05','2023-12-12 16:03:41.199121-06','2023-12-12 16:03:41.199121-06',NULL,'adan.alvarez@gmail.com','$2a$10$y65sMkL1cYkCnQogf5QcO.cpjlacdZ3DtJlwf07GNbJ2HRysbQN5e','','','Adan, Alvarez','Alvarez','Adan','8194a4d1-2715-4cf7-a322-93d95708afd7',361,'64c56c28-6c76-4c40-915e-6ed710832e96','0001-12-31 17:23:24-06:36:36 BC','','0001-12-31 17:23:24-06:36:36 BC',NULL),
	 ('d978db65-dd73-477f-ba82-5ae5ed8fc960','2023-12-12 16:03:41.199798-06','2023-12-12 16:03:41.199798-06',NULL,'pedro.napoles@gmail.com','$2a$10$y65sMkL1cYkCnQogf5QcO.cpjlacdZ3DtJlwf07GNbJ2HRysbQN5e','','','Pedro, Napoles','Napoles','Pedro','8194a4d1-2715-4cf7-a322-93d95708afd7',1654,'64c56c28-6c76-4c40-915e-6ed710832e96','0001-12-31 17:23:24-06:36:36 BC','','0001-12-31 17:23:24-06:36:36 BC',NULL),
	 ('75551f85-dde6-4dae-b1bb-a77b0fee5858','2023-12-12 16:03:41.200683-06','2023-12-12 16:03:41.200683-06',NULL,'osvaldo.esquivel@gmail.com','$2a$10$y65sMkL1cYkCnQogf5QcO.cpjlacdZ3DtJlwf07GNbJ2HRysbQN5e','','','Osvaldo, Esquivel','Esquivel','Osvaldo','8194a4d1-2715-4cf7-a322-93d95708afd7',998,'64c56c28-6c76-4c40-915e-6ed710832e96','0001-12-31 17:23:24-06:36:36 BC','','0001-12-31 17:23:24-06:36:36 BC',NULL),
	 ('22b9bf5c-bb2f-4892-9265-cb9fa07dc729','2023-12-12 16:03:41.201376-06','2023-12-12 16:03:41.201376-06',NULL,'arturo.frias@gmail.com','$2a$10$y65sMkL1cYkCnQogf5QcO.cpjlacdZ3DtJlwf07GNbJ2HRysbQN5e','','','Arturo, Frias','Frias','Arturo','8194a4d1-2715-4cf7-a322-93d95708afd7',1075,'64c56c28-6c76-4c40-915e-6ed710832e96','0001-12-31 17:23:24-06:36:36 BC','','0001-12-31 17:23:24-06:36:36 BC',NULL),
	 ('d5523bb5-4aa4-47eb-a092-bfc016dde081','2023-12-12 16:03:41.202032-06','2023-12-12 16:03:41.202032-06',NULL,'adolfo.navarro@gmail.com','$2a$10$y65sMkL1cYkCnQogf5QcO.cpjlacdZ3DtJlwf07GNbJ2HRysbQN5e','','','Adolfo, Navarro','Navarro','Adolfo','8194a4d1-2715-4cf7-a322-93d95708afd7',1734,'64c56c28-6c76-4c40-915e-6ed710832e96','0001-12-31 17:23:24-06:36:36 BC','','0001-12-31 17:23:24-06:36:36 BC',NULL),
	 ('db5bcc44-dee5-42c0-97df-c67e01383a5d','2023-12-12 16:03:41.202709-06','2023-12-12 16:03:41.202709-06',NULL,'luis.reyes@gmail.com','$2a$10$y65sMkL1cYkCnQogf5QcO.cpjlacdZ3DtJlwf07GNbJ2HRysbQN5e','','','Luis, Reyes','Reyes','Luis','8194a4d1-2715-4cf7-a322-93d95708afd7',1817,'64c56c28-6c76-4c40-915e-6ed710832e96','0001-12-31 17:23:24-06:36:36 BC','','0001-12-31 17:23:24-06:36:36 BC',NULL),
	 ('6f182427-97ef-402c-b390-2c4cbc5cbb44','2023-12-12 16:03:41.203363-06','2023-12-12 16:03:41.203363-06',NULL,'ivan.ramirez@gmail.com','$2a$10$y65sMkL1cYkCnQogf5QcO.cpjlacdZ3DtJlwf07GNbJ2HRysbQN5e','','','Ivan, Ramirez','Ramirez','Ivan','8194a4d1-2715-4cf7-a322-93d95708afd7',683,'64c56c28-6c76-4c40-915e-6ed710832e96','0001-12-31 17:23:24-06:36:36 BC','','0001-12-31 17:23:24-06:36:36 BC',NULL),
	 ('b5c1fc71-6ab3-4771-918b-67d872776d2b','2023-12-12 16:03:41.204006-06','2023-12-12 16:03:41.204006-06',NULL,'osvaldo.salgado@gmail.com','$2a$10$y65sMkL1cYkCnQogf5QcO.cpjlacdZ3DtJlwf07GNbJ2HRysbQN5e','','','Osvaldo, Salgado','Salgado','Osvaldo','8194a4d1-2715-4cf7-a322-93d95708afd7',1765,'64c56c28-6c76-4c40-915e-6ed710832e96','0001-12-31 17:23:24-06:36:36 BC','','0001-12-31 17:23:24-06:36:36 BC',NULL),
	 ('12982ede-a2fb-462f-81c5-387e5d3c9153','2023-12-12 16:03:41.204615-06','2023-12-12 16:03:41.204615-06',NULL,'jaime.gastelum@gmail.com','$2a$10$y65sMkL1cYkCnQogf5QcO.cpjlacdZ3DtJlwf07GNbJ2HRysbQN5e','','','Jaime, Gastelum','Gastelum','Jaime','8194a4d1-2715-4cf7-a322-93d95708afd7',2192,'64c56c28-6c76-4c40-915e-6ed710832e96','0001-12-31 17:23:24-06:36:36 BC','','0001-12-31 17:23:24-06:36:36 BC',NULL),
	 ('d99ccbf5-9b27-44cd-bd3b-604472751218','2023-12-12 16:03:41.205234-06','2023-12-12 16:03:41.205234-06',NULL,'arturo.diaz@gmail.com','$2a$10$y65sMkL1cYkCnQogf5QcO.cpjlacdZ3DtJlwf07GNbJ2HRysbQN5e','','','Arturo, Diaz','Diaz','Arturo','8194a4d1-2715-4cf7-a322-93d95708afd7',1953,'64c56c28-6c76-4c40-915e-6ed710832e96','0001-12-31 17:23:24-06:36:36 BC','','0001-12-31 17:23:24-06:36:36 BC',NULL);
INSERT INTO public.users (id,created_at,updated_at,deleted_at,email,"password",google_id,image_url,name,family_name,given_name,permission_id,ranking,category_id,birthday,phone,member_since,has_picture) VALUES
	 ('2656bc01-c09e-4020-b221-04cd566ef9e4','2023-12-12 16:03:41.205805-06','2023-12-12 16:03:41.205805-06',NULL,'ramiro.flores@gmail.com','$2a$10$y65sMkL1cYkCnQogf5QcO.cpjlacdZ3DtJlwf07GNbJ2HRysbQN5e','','','Ramiro, Flores','Flores','Ramiro','8194a4d1-2715-4cf7-a322-93d95708afd7',2235,'64c56c28-6c76-4c40-915e-6ed710832e96','0001-12-31 17:23:24-06:36:36 BC','','0001-12-31 17:23:24-06:36:36 BC',NULL),
	 ('976e5b04-7567-4054-949c-3b1198def80c','2023-12-12 16:03:41.206398-06','2023-12-12 16:03:41.206398-06',NULL,'octavio.gonzalez@gmail.com','$2a$10$y65sMkL1cYkCnQogf5QcO.cpjlacdZ3DtJlwf07GNbJ2HRysbQN5e','','','Octavio, Gonzalez','Gonzalez','Octavio','8194a4d1-2715-4cf7-a322-93d95708afd7',1345,'64c56c28-6c76-4c40-915e-6ed710832e96','0001-12-31 17:23:24-06:36:36 BC','','0001-12-31 17:23:24-06:36:36 BC',NULL),
	 ('b029b140-bccc-4363-a565-7714281479b3','2023-12-12 16:03:41.207026-06','2023-12-12 16:03:41.207026-06',NULL,'martin.olmos@gmail.com','$2a$10$y65sMkL1cYkCnQogf5QcO.cpjlacdZ3DtJlwf07GNbJ2HRysbQN5e','','','Martin, Olmos','Olmos','Martin','8194a4d1-2715-4cf7-a322-93d95708afd7',1190,'64c56c28-6c76-4c40-915e-6ed710832e96','0001-12-31 17:23:24-06:36:36 BC','','0001-12-31 17:23:24-06:36:36 BC',NULL),
	 ('320e6004-222b-42bf-a87b-75eadbe3eb7a','2023-12-12 16:03:41.207633-06','2023-12-12 16:03:41.207633-06',NULL,'octavio.romo@gmail.com','$2a$10$y65sMkL1cYkCnQogf5QcO.cpjlacdZ3DtJlwf07GNbJ2HRysbQN5e','','','Octavio, Romo','Romo','Octavio','8194a4d1-2715-4cf7-a322-93d95708afd7',1821,'64c56c28-6c76-4c40-915e-6ed710832e96','0001-12-31 17:23:24-06:36:36 BC','','0001-12-31 17:23:24-06:36:36 BC',NULL),
	 ('0009bb70-6492-4897-b5f3-0c68bf86978d','2023-12-12 16:03:41.208322-06','2023-12-12 16:03:41.208322-06',NULL,'alonso.oliva@gmail.com','$2a$10$y65sMkL1cYkCnQogf5QcO.cpjlacdZ3DtJlwf07GNbJ2HRysbQN5e','','','Alonso, Oliva','Oliva','Alonso','8194a4d1-2715-4cf7-a322-93d95708afd7',1868,'64c56c28-6c76-4c40-915e-6ed710832e96','0001-12-31 17:23:24-06:36:36 BC','','0001-12-31 17:23:24-06:36:36 BC',NULL),
	 ('90bf746c-5d14-4996-b0f3-6e9ba130a649','2023-12-12 16:03:41.209123-06','2023-12-12 16:03:41.209123-06',NULL,'ramiro.sottil@gmail.com','$2a$10$y65sMkL1cYkCnQogf5QcO.cpjlacdZ3DtJlwf07GNbJ2HRysbQN5e','','','Ramiro, Sottil','Sottil','Ramiro','8194a4d1-2715-4cf7-a322-93d95708afd7',2603,'64c56c28-6c76-4c40-915e-6ed710832e96','0001-12-31 17:23:24-06:36:36 BC','','0001-12-31 17:23:24-06:36:36 BC',NULL),
	 ('96f2f3cc-e671-4e43-b482-a2628d555a09','2023-12-12 16:03:41.209892-06','2023-12-12 16:03:41.209892-06',NULL,'saul.estrella@gmail.com','$2a$10$y65sMkL1cYkCnQogf5QcO.cpjlacdZ3DtJlwf07GNbJ2HRysbQN5e','','','Saul, Estrella','Estrella','Saul','8194a4d1-2715-4cf7-a322-93d95708afd7',58,'64c56c28-6c76-4c40-915e-6ed710832e96','0001-12-31 17:23:24-06:36:36 BC','','0001-12-31 17:23:24-06:36:36 BC',NULL),
	 ('5c317d2d-338f-4d63-a880-aa6af373f1b6','2023-12-12 16:03:41.210499-06','2023-12-12 16:03:41.210499-06',NULL,'armando.aguirre@gmail.com','$2a$10$y65sMkL1cYkCnQogf5QcO.cpjlacdZ3DtJlwf07GNbJ2HRysbQN5e','','','Armando, Aguirre','Aguirre','Armando','8194a4d1-2715-4cf7-a322-93d95708afd7',879,'64c56c28-6c76-4c40-915e-6ed710832e96','0001-12-31 17:23:24-06:36:36 BC','','0001-12-31 17:23:24-06:36:36 BC',NULL),
	 ('89e00d0a-ac6c-46f2-8107-68c53b0d8263','2023-12-12 16:03:41.211095-06','2023-12-12 16:03:41.211095-06',NULL,'eric.barajas@gmail.com','$2a$10$y65sMkL1cYkCnQogf5QcO.cpjlacdZ3DtJlwf07GNbJ2HRysbQN5e','','','Eric, Barajas','Barajas','Eric','8194a4d1-2715-4cf7-a322-93d95708afd7',1283,'64c56c28-6c76-4c40-915e-6ed710832e96','0001-12-31 17:23:24-06:36:36 BC','','0001-12-31 17:23:24-06:36:36 BC',NULL),
	 ('a72e7fc8-7833-4746-a4ac-90e4dc0e653c','2023-12-12 16:03:41.211682-06','2023-12-12 16:03:41.211682-06',NULL,'luis.sottil@gmail.com','$2a$10$y65sMkL1cYkCnQogf5QcO.cpjlacdZ3DtJlwf07GNbJ2HRysbQN5e','','','Luis, Sottil','Sottil','Luis','8194a4d1-2715-4cf7-a322-93d95708afd7',2382,'64c56c28-6c76-4c40-915e-6ed710832e96','0001-12-31 17:23:24-06:36:36 BC','','0001-12-31 17:23:24-06:36:36 BC',NULL);
INSERT INTO public.users (id,created_at,updated_at,deleted_at,email,"password",google_id,image_url,name,family_name,given_name,permission_id,ranking,category_id,birthday,phone,member_since,has_picture) VALUES
	 ('ab35ab9c-4ba7-4141-9493-7f19d0341e1b','2023-12-12 16:03:41.212321-06','2023-12-12 16:03:41.212321-06',NULL,'david.almeida@gmail.com','$2a$10$y65sMkL1cYkCnQogf5QcO.cpjlacdZ3DtJlwf07GNbJ2HRysbQN5e','','','David, Almeida','Almeida','David','8194a4d1-2715-4cf7-a322-93d95708afd7',2351,'64c56c28-6c76-4c40-915e-6ed710832e96','0001-12-31 17:23:24-06:36:36 BC','','0001-12-31 17:23:24-06:36:36 BC',NULL),
	 ('7583f9e5-6111-4948-be55-e07b69af7d3d','2023-12-12 16:03:41.212898-06','2023-12-12 16:03:41.212898-06',NULL,'daniel.olmos@gmail.com','$2a$10$y65sMkL1cYkCnQogf5QcO.cpjlacdZ3DtJlwf07GNbJ2HRysbQN5e','','','Daniel, Olmos','Olmos','Daniel','8194a4d1-2715-4cf7-a322-93d95708afd7',2506,'64c56c28-6c76-4c40-915e-6ed710832e96','0001-12-31 17:23:24-06:36:36 BC','','0001-12-31 17:23:24-06:36:36 BC',NULL),
	 ('e7a048c3-886b-4778-97fe-abcc575e3385','2023-12-12 16:03:41.213465-06','2023-12-12 16:03:41.213465-06',NULL,'facundo.gonzalez@gmail.com','$2a$10$y65sMkL1cYkCnQogf5QcO.cpjlacdZ3DtJlwf07GNbJ2HRysbQN5e','','','Facundo, Gonzalez','Gonzalez','Facundo','8194a4d1-2715-4cf7-a322-93d95708afd7',1815,'64c56c28-6c76-4c40-915e-6ed710832e96','0001-12-31 17:23:24-06:36:36 BC','','0001-12-31 17:23:24-06:36:36 BC',NULL),
	 ('baec7512-95d9-49a6-85a5-7e06804515fa','2023-12-12 16:03:41.214111-06','2023-12-12 16:03:41.214111-06',NULL,'emilio.napoles@gmail.com','$2a$10$y65sMkL1cYkCnQogf5QcO.cpjlacdZ3DtJlwf07GNbJ2HRysbQN5e','','','Emilio, Napoles','Napoles','Emilio','8194a4d1-2715-4cf7-a322-93d95708afd7',669,'64c56c28-6c76-4c40-915e-6ed710832e96','0001-12-31 17:23:24-06:36:36 BC','','0001-12-31 17:23:24-06:36:36 BC',NULL),
	 ('052f8066-65ac-4723-9bac-92790f66fcb7','2023-12-12 16:03:41.214724-06','2023-12-12 16:03:41.214724-06',NULL,'octavio.maya@gmail.com','$2a$10$y65sMkL1cYkCnQogf5QcO.cpjlacdZ3DtJlwf07GNbJ2HRysbQN5e','','','Octavio, Maya','Maya','Octavio','8194a4d1-2715-4cf7-a322-93d95708afd7',719,'64c56c28-6c76-4c40-915e-6ed710832e96','0001-12-31 17:23:24-06:36:36 BC','','0001-12-31 17:23:24-06:36:36 BC',NULL),
	 ('2222c746-157f-4219-a176-552046707015','2023-12-12 16:03:41.215335-06','2023-12-12 16:03:41.215335-06',NULL,'rodrigo.villa@gmail.com','$2a$10$y65sMkL1cYkCnQogf5QcO.cpjlacdZ3DtJlwf07GNbJ2HRysbQN5e','','','Rodrigo, Villa','Villa','Rodrigo','8194a4d1-2715-4cf7-a322-93d95708afd7',1889,'64c56c28-6c76-4c40-915e-6ed710832e96','0001-12-31 17:23:24-06:36:36 BC','','0001-12-31 17:23:24-06:36:36 BC',NULL),
	 ('05e6a8f7-dcab-4ac6-a91b-38ccdc31775b','2023-12-12 16:03:41.215904-06','2023-12-12 16:03:41.215904-06',NULL,'rodrigo.perez@gmail.com','$2a$10$y65sMkL1cYkCnQogf5QcO.cpjlacdZ3DtJlwf07GNbJ2HRysbQN5e','','','Rodrigo, Perez','Perez','Rodrigo','8194a4d1-2715-4cf7-a322-93d95708afd7',1647,'64c56c28-6c76-4c40-915e-6ed710832e96','0001-12-31 17:23:24-06:36:36 BC','','0001-12-31 17:23:24-06:36:36 BC',NULL),
	 ('427871f0-c98f-4015-85e0-7c721df50e5e','2023-12-12 16:03:41.216495-06','2023-12-12 16:03:41.216495-06',NULL,'ramiro.ruiz@gmail.com','$2a$10$y65sMkL1cYkCnQogf5QcO.cpjlacdZ3DtJlwf07GNbJ2HRysbQN5e','','','Ramiro, Ruiz','Ruiz','Ramiro','8194a4d1-2715-4cf7-a322-93d95708afd7',1530,'64c56c28-6c76-4c40-915e-6ed710832e96','0001-12-31 17:23:24-06:36:36 BC','','0001-12-31 17:23:24-06:36:36 BC',NULL),
	 ('013cf573-dac9-4587-8ae0-101b836bc8db','2023-12-12 16:03:41.217079-06','2023-12-12 16:03:41.217079-06',NULL,'jose.aguirre@gmail.com','$2a$10$y65sMkL1cYkCnQogf5QcO.cpjlacdZ3DtJlwf07GNbJ2HRysbQN5e','','','Jose, Aguirre','Aguirre','Jose','8194a4d1-2715-4cf7-a322-93d95708afd7',2056,'64c56c28-6c76-4c40-915e-6ed710832e96','0001-12-31 17:23:24-06:36:36 BC','','0001-12-31 17:23:24-06:36:36 BC',NULL),
	 ('bd096fca-dea9-4c6b-a30a-fd7f1cb99c5b','2023-12-12 16:03:41.217644-06','2023-12-12 16:03:41.217644-06',NULL,'martin.correa@gmail.com','$2a$10$y65sMkL1cYkCnQogf5QcO.cpjlacdZ3DtJlwf07GNbJ2HRysbQN5e','','','Martin, Correa','Correa','Martin','8194a4d1-2715-4cf7-a322-93d95708afd7',372,'64c56c28-6c76-4c40-915e-6ed710832e96','0001-12-31 17:23:24-06:36:36 BC','','0001-12-31 17:23:24-06:36:36 BC',NULL);
INSERT INTO public.users (id,created_at,updated_at,deleted_at,email,"password",google_id,image_url,name,family_name,given_name,permission_id,ranking,category_id,birthday,phone,member_since,has_picture) VALUES
	 ('edeed222-9360-4bc6-ae10-21f74f1ec9df','2023-12-12 16:03:41.218236-06','2023-12-12 16:03:41.218236-06',NULL,'alfredo.maya@gmail.com','$2a$10$y65sMkL1cYkCnQogf5QcO.cpjlacdZ3DtJlwf07GNbJ2HRysbQN5e','','','Alfredo, Maya','Maya','Alfredo','8194a4d1-2715-4cf7-a322-93d95708afd7',2068,'64c56c28-6c76-4c40-915e-6ed710832e96','0001-12-31 17:23:24-06:36:36 BC','','0001-12-31 17:23:24-06:36:36 BC',NULL),
	 ('5fe259f7-67c4-40b3-94c9-92bc983a2131','2023-12-12 16:03:41.218805-06','2023-12-12 16:03:41.218805-06',NULL,'oscar.valenzuela@gmail.com','$2a$10$y65sMkL1cYkCnQogf5QcO.cpjlacdZ3DtJlwf07GNbJ2HRysbQN5e','','','Oscar, Valenzuela','Valenzuela','Oscar','8194a4d1-2715-4cf7-a322-93d95708afd7',195,'64c56c28-6c76-4c40-915e-6ed710832e96','0001-12-31 17:23:24-06:36:36 BC','','0001-12-31 17:23:24-06:36:36 BC',NULL),
	 ('ca7e875d-9639-4f2f-a593-69c833eee5fa','2023-12-12 16:03:41.219593-06','2023-12-12 16:03:41.219593-06',NULL,'alvaro.celis@gmail.com','$2a$10$y65sMkL1cYkCnQogf5QcO.cpjlacdZ3DtJlwf07GNbJ2HRysbQN5e','','','Alvaro, Celis','Celis','Alvaro','8194a4d1-2715-4cf7-a322-93d95708afd7',2159,'64c56c28-6c76-4c40-915e-6ed710832e96','0001-12-31 17:23:24-06:36:36 BC','','0001-12-31 17:23:24-06:36:36 BC',NULL),
	 ('319a92dc-cba0-478f-9d94-e374d51849a0','2023-12-12 16:03:41.2202-06','2023-12-12 16:03:41.2202-06',NULL,'emilio.reyes@gmail.com','$2a$10$y65sMkL1cYkCnQogf5QcO.cpjlacdZ3DtJlwf07GNbJ2HRysbQN5e','','','Emilio, Reyes','Reyes','Emilio','8194a4d1-2715-4cf7-a322-93d95708afd7',1038,'64c56c28-6c76-4c40-915e-6ed710832e96','0001-12-31 17:23:24-06:36:36 BC','','0001-12-31 17:23:24-06:36:36 BC',NULL),
	 ('e7ecd861-0ba7-4b9a-8753-b1978cec10e5','2023-12-12 16:03:41.220778-06','2023-12-12 16:03:41.220778-06',NULL,'ramiro.valenzuela@gmail.com','$2a$10$y65sMkL1cYkCnQogf5QcO.cpjlacdZ3DtJlwf07GNbJ2HRysbQN5e','','','Ramiro, Valenzuela','Valenzuela','Ramiro','8194a4d1-2715-4cf7-a322-93d95708afd7',780,'64c56c28-6c76-4c40-915e-6ed710832e96','0001-12-31 17:23:24-06:36:36 BC','','0001-12-31 17:23:24-06:36:36 BC',NULL),
	 ('387990dc-ac00-408a-a8c0-a8388554017c','2023-12-12 16:03:41.221413-06','2023-12-12 16:03:41.221413-06',NULL,'juan.alvarez@gmail.com','$2a$10$y65sMkL1cYkCnQogf5QcO.cpjlacdZ3DtJlwf07GNbJ2HRysbQN5e','','','Juan, Alvarez','Alvarez','Juan','8194a4d1-2715-4cf7-a322-93d95708afd7',922,'64c56c28-6c76-4c40-915e-6ed710832e96','0001-12-31 17:23:24-06:36:36 BC','','0001-12-31 17:23:24-06:36:36 BC',NULL),
	 ('45f2d57c-9a8a-4130-8604-1360a4e5a4b4','2023-12-12 16:03:41.222009-06','2023-12-12 16:03:41.222009-06',NULL,'francisco.villa@gmail.com','$2a$10$y65sMkL1cYkCnQogf5QcO.cpjlacdZ3DtJlwf07GNbJ2HRysbQN5e','','','Francisco, Villa','Villa','Francisco','8194a4d1-2715-4cf7-a322-93d95708afd7',2531,'64c56c28-6c76-4c40-915e-6ed710832e96','0001-12-31 17:23:24-06:36:36 BC','','0001-12-31 17:23:24-06:36:36 BC',NULL),
	 ('7e8ce14c-76bf-43c3-b524-5c8098dfbb3f','2023-12-12 16:03:41.222596-06','2023-12-12 16:03:41.222596-06',NULL,'oscar.alatorre@gmail.com','$2a$10$y65sMkL1cYkCnQogf5QcO.cpjlacdZ3DtJlwf07GNbJ2HRysbQN5e','','','Oscar, Alatorre','Alatorre','Oscar','8194a4d1-2715-4cf7-a322-93d95708afd7',816,'64c56c28-6c76-4c40-915e-6ed710832e96','0001-12-31 17:23:24-06:36:36 BC','','0001-12-31 17:23:24-06:36:36 BC',NULL),
	 ('ec6cd20a-3a9c-4fa7-948b-98be4d1ff1c7','2023-12-12 16:03:41.223146-06','2023-12-12 16:03:41.223146-06',NULL,'gerardo.tapia@gmail.com','$2a$10$y65sMkL1cYkCnQogf5QcO.cpjlacdZ3DtJlwf07GNbJ2HRysbQN5e','','','Gerardo, Tapia','Tapia','Gerardo','8194a4d1-2715-4cf7-a322-93d95708afd7',2686,'64c56c28-6c76-4c40-915e-6ed710832e96','0001-12-31 17:23:24-06:36:36 BC','','0001-12-31 17:23:24-06:36:36 BC',NULL),
	 ('639e1988-ab97-463c-8432-4419be17a527','2023-12-12 16:03:41.223701-06','2023-12-12 16:03:41.223701-06',NULL,'francisco.barajas@gmail.com','$2a$10$y65sMkL1cYkCnQogf5QcO.cpjlacdZ3DtJlwf07GNbJ2HRysbQN5e','','','Francisco, Barajas','Barajas','Francisco','8194a4d1-2715-4cf7-a322-93d95708afd7',1744,'64c56c28-6c76-4c40-915e-6ed710832e96','0001-12-31 17:23:24-06:36:36 BC','','0001-12-31 17:23:24-06:36:36 BC',NULL);
INSERT INTO public.users (id,created_at,updated_at,deleted_at,email,"password",google_id,image_url,name,family_name,given_name,permission_id,ranking,category_id,birthday,phone,member_since,has_picture) VALUES
	 ('881ea53e-a124-426b-8c9a-e018e8088bd5','2023-12-12 16:03:41.22428-06','2023-12-12 16:03:41.22428-06',NULL,'jose.villa@gmail.com','$2a$10$y65sMkL1cYkCnQogf5QcO.cpjlacdZ3DtJlwf07GNbJ2HRysbQN5e','','','Jose, Villa','Villa','Jose','8194a4d1-2715-4cf7-a322-93d95708afd7',2156,'64c56c28-6c76-4c40-915e-6ed710832e96','0001-12-31 17:23:24-06:36:36 BC','','0001-12-31 17:23:24-06:36:36 BC',NULL),
	 ('138831bb-c1eb-45c9-96a0-8b1356414263','2023-12-12 16:03:41.224921-06','2023-12-12 16:03:41.224921-06',NULL,'adrian.salgado@gmail.com','$2a$10$y65sMkL1cYkCnQogf5QcO.cpjlacdZ3DtJlwf07GNbJ2HRysbQN5e','','','Adrian, Salgado','Salgado','Adrian','8194a4d1-2715-4cf7-a322-93d95708afd7',2553,'64c56c28-6c76-4c40-915e-6ed710832e96','0001-12-31 17:23:24-06:36:36 BC','','0001-12-31 17:23:24-06:36:36 BC',NULL),
	 ('00922ae0-a4e7-42f9-9034-09dae62aa7a7','2023-12-12 16:03:41.225658-06','2023-12-12 16:03:41.225658-06',NULL,'emilio.ramirez@gmail.com','$2a$10$y65sMkL1cYkCnQogf5QcO.cpjlacdZ3DtJlwf07GNbJ2HRysbQN5e','','','Emilio, Ramirez','Ramirez','Emilio','8194a4d1-2715-4cf7-a322-93d95708afd7',1348,'64c56c28-6c76-4c40-915e-6ed710832e96','0001-12-31 17:23:24-06:36:36 BC','','0001-12-31 17:23:24-06:36:36 BC',NULL),
	 ('987586b9-8cda-491a-9919-912a63a812b2','2023-12-12 16:03:41.226291-06','2023-12-12 16:03:41.226291-06',NULL,'juan.ruiz@gmail.com','$2a$10$y65sMkL1cYkCnQogf5QcO.cpjlacdZ3DtJlwf07GNbJ2HRysbQN5e','','','Juan, Ruiz','Ruiz','Juan','8194a4d1-2715-4cf7-a322-93d95708afd7',1776,'64c56c28-6c76-4c40-915e-6ed710832e96','0001-12-31 17:23:24-06:36:36 BC','','0001-12-31 17:23:24-06:36:36 BC',NULL),
	 ('ac1cbc4b-6beb-4ba0-b9bc-076682501d26','2023-12-12 16:03:41.226909-06','2023-12-12 16:03:41.226909-06',NULL,'juan.reyes@gmail.com','$2a$10$y65sMkL1cYkCnQogf5QcO.cpjlacdZ3DtJlwf07GNbJ2HRysbQN5e','','','Juan, Reyes','Reyes','Juan','8194a4d1-2715-4cf7-a322-93d95708afd7',2101,'64c56c28-6c76-4c40-915e-6ed710832e96','0001-12-31 17:23:24-06:36:36 BC','','0001-12-31 17:23:24-06:36:36 BC',NULL),
	 ('bad44c14-7c92-47c0-b6d4-97d6f1785f5f','2023-12-12 16:03:41.227537-06','2023-12-12 16:03:41.227537-06',NULL,'oscar.diaz@gmail.com','$2a$10$y65sMkL1cYkCnQogf5QcO.cpjlacdZ3DtJlwf07GNbJ2HRysbQN5e','','','Oscar, Diaz','Diaz','Oscar','8194a4d1-2715-4cf7-a322-93d95708afd7',2229,'64c56c28-6c76-4c40-915e-6ed710832e96','0001-12-31 17:23:24-06:36:36 BC','','0001-12-31 17:23:24-06:36:36 BC',NULL),
	 ('04f11bde-515c-4aed-b489-26a7b8beb0f2','2023-12-12 16:03:41.228129-06','2023-12-12 16:03:41.228129-06',NULL,'federico.flores@gmail.com','$2a$10$y65sMkL1cYkCnQogf5QcO.cpjlacdZ3DtJlwf07GNbJ2HRysbQN5e','','','Federico, Flores','Flores','Federico','8194a4d1-2715-4cf7-a322-93d95708afd7',1378,'64c56c28-6c76-4c40-915e-6ed710832e96','0001-12-31 17:23:24-06:36:36 BC','','0001-12-31 17:23:24-06:36:36 BC',NULL),
	 ('66773e44-b17c-4024-bd01-18aa70e78f8c','2023-12-12 16:03:41.228725-06','2023-12-12 16:03:41.228725-06',NULL,'jorge.villa@gmail.com','$2a$10$y65sMkL1cYkCnQogf5QcO.cpjlacdZ3DtJlwf07GNbJ2HRysbQN5e','','','Jorge, Villa','Villa','Jorge','8194a4d1-2715-4cf7-a322-93d95708afd7',2396,'64c56c28-6c76-4c40-915e-6ed710832e96','0001-12-31 17:23:24-06:36:36 BC','','0001-12-31 17:23:24-06:36:36 BC',NULL),
	 ('a5b665e1-3d26-4ab6-a792-078074c5a5e7','2023-12-12 16:03:41.229285-06','2023-12-12 16:03:41.229285-06',NULL,'javier.sottil@gmail.com','$2a$10$y65sMkL1cYkCnQogf5QcO.cpjlacdZ3DtJlwf07GNbJ2HRysbQN5e','','','Javier, Sottil','Sottil','Javier','8194a4d1-2715-4cf7-a322-93d95708afd7',1736,'64c56c28-6c76-4c40-915e-6ed710832e96','0001-12-31 17:23:24-06:36:36 BC','','0001-12-31 17:23:24-06:36:36 BC',NULL),
	 ('610795ad-fc59-4744-b0fe-d0bb7b1a4dae','2023-12-12 16:03:41.229804-06','2023-12-12 16:03:41.229804-06',NULL,'federico.celis@gmail.com','$2a$10$y65sMkL1cYkCnQogf5QcO.cpjlacdZ3DtJlwf07GNbJ2HRysbQN5e','','','Federico, Celis','Celis','Federico','8194a4d1-2715-4cf7-a322-93d95708afd7',1783,'64c56c28-6c76-4c40-915e-6ed710832e96','0001-12-31 17:23:24-06:36:36 BC','','0001-12-31 17:23:24-06:36:36 BC',NULL);
INSERT INTO public.users (id,created_at,updated_at,deleted_at,email,"password",google_id,image_url,name,family_name,given_name,permission_id,ranking,category_id,birthday,phone,member_since,has_picture) VALUES
	 ('f14e2d7b-f8a0-4cd2-9077-08bbb75f672c','2023-12-12 16:03:41.230773-06','2023-12-12 16:03:41.230773-06',NULL,'alonso.romo@gmail.com','$2a$10$y65sMkL1cYkCnQogf5QcO.cpjlacdZ3DtJlwf07GNbJ2HRysbQN5e','','','Alonso, Romo','Romo','Alonso','8194a4d1-2715-4cf7-a322-93d95708afd7',1500,'64c56c28-6c76-4c40-915e-6ed710832e96','0001-12-31 17:23:24-06:36:36 BC','','0001-12-31 17:23:24-06:36:36 BC',NULL),
	 ('ec41bc88-fce6-4996-bf05-4e5bc9d6b1b5','2023-12-12 16:03:41.231346-06','2023-12-12 16:03:41.231346-06',NULL,'eric.gastelum@gmail.com','$2a$10$y65sMkL1cYkCnQogf5QcO.cpjlacdZ3DtJlwf07GNbJ2HRysbQN5e','','','Eric, Gastelum','Gastelum','Eric','8194a4d1-2715-4cf7-a322-93d95708afd7',354,'64c56c28-6c76-4c40-915e-6ed710832e96','0001-12-31 17:23:24-06:36:36 BC','','0001-12-31 17:23:24-06:36:36 BC',NULL),
	 ('0e00f3de-3b11-47b3-9385-034e86b1c2d1','2023-12-12 16:03:41.231853-06','2023-12-12 16:03:41.231853-06',NULL,'alvaro.sotomayor@gmail.com','$2a$10$y65sMkL1cYkCnQogf5QcO.cpjlacdZ3DtJlwf07GNbJ2HRysbQN5e','','','Alvaro, Sotomayor','Sotomayor','Alvaro','8194a4d1-2715-4cf7-a322-93d95708afd7',63,'64c56c28-6c76-4c40-915e-6ed710832e96','0001-12-31 17:23:24-06:36:36 BC','','0001-12-31 17:23:24-06:36:36 BC',NULL),
	 ('e4f99798-e869-4963-8459-e1ec848ad2fe','2023-12-12 16:03:41.232479-06','2023-12-12 16:03:41.232479-06',NULL,'jaime.diaz@gmail.com','$2a$10$y65sMkL1cYkCnQogf5QcO.cpjlacdZ3DtJlwf07GNbJ2HRysbQN5e','','','Jaime, Diaz','Diaz','Jaime','8194a4d1-2715-4cf7-a322-93d95708afd7',2984,'64c56c28-6c76-4c40-915e-6ed710832e96','0001-12-31 17:23:24-06:36:36 BC','','0001-12-31 17:23:24-06:36:36 BC',NULL),
	 ('8172ab6f-1efd-40cc-bb29-eb6b82d343c6','2023-12-12 16:03:41.233-06','2023-12-12 16:03:41.233-06',NULL,'felipe.sotomayor@gmail.com','$2a$10$y65sMkL1cYkCnQogf5QcO.cpjlacdZ3DtJlwf07GNbJ2HRysbQN5e','','','Felipe, Sotomayor','Sotomayor','Felipe','8194a4d1-2715-4cf7-a322-93d95708afd7',760,'64c56c28-6c76-4c40-915e-6ed710832e96','0001-12-31 17:23:24-06:36:36 BC','','0001-12-31 17:23:24-06:36:36 BC',NULL),
	 ('38b0ee53-76fc-4ae0-88f0-e44684b6e10a','2023-12-12 16:03:41.23352-06','2023-12-12 16:03:41.23352-06',NULL,'julio.napoles@gmail.com','$2a$10$y65sMkL1cYkCnQogf5QcO.cpjlacdZ3DtJlwf07GNbJ2HRysbQN5e','','','Julio, Napoles','Napoles','Julio','8194a4d1-2715-4cf7-a322-93d95708afd7',721,'64c56c28-6c76-4c40-915e-6ed710832e96','0001-12-31 17:23:24-06:36:36 BC','','0001-12-31 17:23:24-06:36:36 BC',NULL),
	 ('015e898d-53b5-4f5d-8828-daec2a05ae34','2023-12-12 16:03:41.234031-06','2023-12-12 16:03:41.234031-06',NULL,'jorge.perez@gmail.com','$2a$10$y65sMkL1cYkCnQogf5QcO.cpjlacdZ3DtJlwf07GNbJ2HRysbQN5e','','','Jorge, Perez','Perez','Jorge','8194a4d1-2715-4cf7-a322-93d95708afd7',240,'64c56c28-6c76-4c40-915e-6ed710832e96','0001-12-31 17:23:24-06:36:36 BC','','0001-12-31 17:23:24-06:36:36 BC',NULL),
	 ('79818ea7-6648-4f02-be5b-39968c88bde8','2023-12-12 16:07:13.805287-06','2023-12-12 16:07:13.805287-06',NULL,'juan.navarro@gmail.com','$2a$10$3m8dHImG9rc27pgP.jzMsuFDUBKPfw1l3bVSjaEseq.Sf0CJEYzdu','','','Juan, Navarro','Navarro','Juan','8194a4d1-2715-4cf7-a322-93d95708afd7',669,'80d9769d-5bee-4023-9d8c-f3323782686d','0001-12-31 17:23:24-06:36:36 BC','','0001-12-31 17:23:24-06:36:36 BC',NULL),
	 ('94f82c82-0b3d-41ab-abad-411e2574e4eb','2023-12-12 16:07:13.811163-06','2023-12-12 16:07:13.811163-06',NULL,'octavio.santaella@gmail.com','$2a$10$3m8dHImG9rc27pgP.jzMsuFDUBKPfw1l3bVSjaEseq.Sf0CJEYzdu','','','Octavio, Santaella','Santaella','Octavio','8194a4d1-2715-4cf7-a322-93d95708afd7',1149,'80d9769d-5bee-4023-9d8c-f3323782686d','0001-12-31 17:23:24-06:36:36 BC','','0001-12-31 17:23:24-06:36:36 BC',NULL),
	 ('f37531be-174f-49fe-b8c2-4f8b1aed8081','2023-12-12 16:07:13.81365-06','2023-12-12 16:07:13.81365-06',NULL,'armando.perez@gmail.com','$2a$10$3m8dHImG9rc27pgP.jzMsuFDUBKPfw1l3bVSjaEseq.Sf0CJEYzdu','','','Armando, Perez','Perez','Armando','8194a4d1-2715-4cf7-a322-93d95708afd7',2145,'80d9769d-5bee-4023-9d8c-f3323782686d','0001-12-31 17:23:24-06:36:36 BC','','0001-12-31 17:23:24-06:36:36 BC',NULL);
INSERT INTO public.users (id,created_at,updated_at,deleted_at,email,"password",google_id,image_url,name,family_name,given_name,permission_id,ranking,category_id,birthday,phone,member_since,has_picture) VALUES
	 ('6a2b857a-669a-43e0-997b-1a05567f5afd','2023-12-12 16:07:13.818736-06','2023-12-12 16:07:13.818736-06',NULL,'javier.escamilla@gmail.com','$2a$10$3m8dHImG9rc27pgP.jzMsuFDUBKPfw1l3bVSjaEseq.Sf0CJEYzdu','','','Javier, Escamilla','Escamilla','Javier','8194a4d1-2715-4cf7-a322-93d95708afd7',1534,'80d9769d-5bee-4023-9d8c-f3323782686d','0001-12-31 17:23:24-06:36:36 BC','','0001-12-31 17:23:24-06:36:36 BC',NULL),
	 ('4b5cad6f-fd51-4eaa-a49e-389e93b86bdf','2023-12-12 16:07:13.820325-06','2023-12-12 16:07:13.820325-06',NULL,'facundo.maya@gmail.com','$2a$10$3m8dHImG9rc27pgP.jzMsuFDUBKPfw1l3bVSjaEseq.Sf0CJEYzdu','','','Facundo, Maya','Maya','Facundo','8194a4d1-2715-4cf7-a322-93d95708afd7',2149,'80d9769d-5bee-4023-9d8c-f3323782686d','0001-12-31 17:23:24-06:36:36 BC','','0001-12-31 17:23:24-06:36:36 BC',NULL),
	 ('0b2f5fcb-43ab-4659-93c9-adb595f82fbe','2023-12-12 16:07:13.821871-06','2023-12-12 16:07:13.821871-06',NULL,'jose.tapia@gmail.com','$2a$10$3m8dHImG9rc27pgP.jzMsuFDUBKPfw1l3bVSjaEseq.Sf0CJEYzdu','','','Jose, Tapia','Tapia','Jose','8194a4d1-2715-4cf7-a322-93d95708afd7',597,'80d9769d-5bee-4023-9d8c-f3323782686d','0001-12-31 17:23:24-06:36:36 BC','','0001-12-31 17:23:24-06:36:36 BC',NULL),
	 ('a362e7b4-ea7a-49d9-a9b4-c77250f91784','2023-12-12 16:07:13.823406-06','2023-12-12 16:07:13.823406-06',NULL,'alonso.olmos@gmail.com','$2a$10$3m8dHImG9rc27pgP.jzMsuFDUBKPfw1l3bVSjaEseq.Sf0CJEYzdu','','','Alonso, Olmos','Olmos','Alonso','8194a4d1-2715-4cf7-a322-93d95708afd7',894,'80d9769d-5bee-4023-9d8c-f3323782686d','0001-12-31 17:23:24-06:36:36 BC','','0001-12-31 17:23:24-06:36:36 BC',NULL),
	 ('a0d32643-8333-4e2d-82bf-4043a1fea196','2023-12-12 16:07:13.825251-06','2023-12-12 16:07:13.825251-06',NULL,'jose.sottil@gmail.com','$2a$10$3m8dHImG9rc27pgP.jzMsuFDUBKPfw1l3bVSjaEseq.Sf0CJEYzdu','','','Jose, Sottil','Sottil','Jose','8194a4d1-2715-4cf7-a322-93d95708afd7',1859,'80d9769d-5bee-4023-9d8c-f3323782686d','0001-12-31 17:23:24-06:36:36 BC','','0001-12-31 17:23:24-06:36:36 BC',NULL),
	 ('e1c0b650-0e99-4959-9484-5744eefb0793','2023-12-12 16:07:13.827267-06','2023-12-12 16:07:13.827267-06',NULL,'alejandro.romo@gmail.com','$2a$10$3m8dHImG9rc27pgP.jzMsuFDUBKPfw1l3bVSjaEseq.Sf0CJEYzdu','','','Alejandro, Romo','Romo','Alejandro','8194a4d1-2715-4cf7-a322-93d95708afd7',2734,'80d9769d-5bee-4023-9d8c-f3323782686d','0001-12-31 17:23:24-06:36:36 BC','','0001-12-31 17:23:24-06:36:36 BC',NULL),
	 ('eababc21-0f32-46cb-8db1-da3b40ecee59','2023-12-12 16:07:13.828731-06','2023-12-12 16:07:13.828731-06',NULL,'adrian.castro@gmail.com','$2a$10$3m8dHImG9rc27pgP.jzMsuFDUBKPfw1l3bVSjaEseq.Sf0CJEYzdu','','','Adrian, Castro','Castro','Adrian','8194a4d1-2715-4cf7-a322-93d95708afd7',1798,'80d9769d-5bee-4023-9d8c-f3323782686d','0001-12-31 17:23:24-06:36:36 BC','','0001-12-31 17:23:24-06:36:36 BC',NULL),
	 ('13504783-61f3-41b4-ba76-ac71ada6abdf','2023-12-12 16:07:13.82968-06','2023-12-12 16:07:13.82968-06',NULL,'adan.salgado@gmail.com','$2a$10$3m8dHImG9rc27pgP.jzMsuFDUBKPfw1l3bVSjaEseq.Sf0CJEYzdu','','','Adan, Salgado','Salgado','Adan','8194a4d1-2715-4cf7-a322-93d95708afd7',1954,'80d9769d-5bee-4023-9d8c-f3323782686d','0001-12-31 17:23:24-06:36:36 BC','','0001-12-31 17:23:24-06:36:36 BC',NULL),
	 ('20d9a2c1-8546-499e-829c-64e58915ed61','2023-12-12 16:07:13.830556-06','2023-12-12 16:07:13.830556-06',NULL,'osvaldo.ramirez@gmail.com','$2a$10$3m8dHImG9rc27pgP.jzMsuFDUBKPfw1l3bVSjaEseq.Sf0CJEYzdu','','','Osvaldo, Ramirez','Ramirez','Osvaldo','8194a4d1-2715-4cf7-a322-93d95708afd7',372,'80d9769d-5bee-4023-9d8c-f3323782686d','0001-12-31 17:23:24-06:36:36 BC','','0001-12-31 17:23:24-06:36:36 BC',NULL),
	 ('485dcbd8-2868-4e65-978a-31f227367053','2023-12-12 16:07:13.831426-06','2023-12-12 16:07:13.831426-06',NULL,'adolfo.ruiz@gmail.com','$2a$10$3m8dHImG9rc27pgP.jzMsuFDUBKPfw1l3bVSjaEseq.Sf0CJEYzdu','','','Adolfo, Ruiz','Ruiz','Adolfo','8194a4d1-2715-4cf7-a322-93d95708afd7',2315,'80d9769d-5bee-4023-9d8c-f3323782686d','0001-12-31 17:23:24-06:36:36 BC','','0001-12-31 17:23:24-06:36:36 BC',NULL);
INSERT INTO public.users (id,created_at,updated_at,deleted_at,email,"password",google_id,image_url,name,family_name,given_name,permission_id,ranking,category_id,birthday,phone,member_since,has_picture) VALUES
	 ('5f95d389-29a9-4306-a646-020d965f57ff','2023-12-12 16:07:13.832206-06','2023-12-12 16:07:13.832206-06',NULL,'juan.ramirez@gmail.com','$2a$10$3m8dHImG9rc27pgP.jzMsuFDUBKPfw1l3bVSjaEseq.Sf0CJEYzdu','','','Juan, Ramirez','Ramirez','Juan','8194a4d1-2715-4cf7-a322-93d95708afd7',2633,'80d9769d-5bee-4023-9d8c-f3323782686d','0001-12-31 17:23:24-06:36:36 BC','','0001-12-31 17:23:24-06:36:36 BC',NULL),
	 ('eab3c283-0a1c-4597-a3c2-991c2fc49a7a','2023-12-12 16:07:13.833221-06','2023-12-12 16:07:13.833221-06',NULL,'alfredo.estrella@gmail.com','$2a$10$3m8dHImG9rc27pgP.jzMsuFDUBKPfw1l3bVSjaEseq.Sf0CJEYzdu','','','Alfredo, Estrella','Estrella','Alfredo','8194a4d1-2715-4cf7-a322-93d95708afd7',954,'80d9769d-5bee-4023-9d8c-f3323782686d','0001-12-31 17:23:24-06:36:36 BC','','0001-12-31 17:23:24-06:36:36 BC',NULL),
	 ('fb4c8c32-12cc-4479-8008-f38cc410f4bc','2023-12-12 16:07:13.833965-06','2023-12-12 16:07:13.833965-06',NULL,'alejandro.napoles@gmail.com','$2a$10$3m8dHImG9rc27pgP.jzMsuFDUBKPfw1l3bVSjaEseq.Sf0CJEYzdu','','','Alejandro, Napoles','Napoles','Alejandro','8194a4d1-2715-4cf7-a322-93d95708afd7',1944,'80d9769d-5bee-4023-9d8c-f3323782686d','0001-12-31 17:23:24-06:36:36 BC','','0001-12-31 17:23:24-06:36:36 BC',NULL),
	 ('024bddf7-6a4a-4715-8a53-d4d9c2870e80','2023-12-12 16:07:13.834654-06','2023-12-12 16:07:13.834654-06',NULL,'adan.martinez@gmail.com','$2a$10$3m8dHImG9rc27pgP.jzMsuFDUBKPfw1l3bVSjaEseq.Sf0CJEYzdu','','','Adan, Martinez','Martinez','Adan','8194a4d1-2715-4cf7-a322-93d95708afd7',1433,'80d9769d-5bee-4023-9d8c-f3323782686d','0001-12-31 17:23:24-06:36:36 BC','','0001-12-31 17:23:24-06:36:36 BC',NULL),
	 ('017c3485-11d0-40a6-885b-d953fe81ffb2','2023-12-12 16:07:13.835374-06','2023-12-12 16:07:13.835374-06',NULL,'antonio.belasteguin@gmail.com','$2a$10$3m8dHImG9rc27pgP.jzMsuFDUBKPfw1l3bVSjaEseq.Sf0CJEYzdu','','','Antonio, Belasteguin','Belasteguin','Antonio','8194a4d1-2715-4cf7-a322-93d95708afd7',1428,'80d9769d-5bee-4023-9d8c-f3323782686d','0001-12-31 17:23:24-06:36:36 BC','','0001-12-31 17:23:24-06:36:36 BC',NULL),
	 ('19766805-e1d8-470e-8bf0-cd7b64a0f620','2023-12-12 16:07:13.836069-06','2023-12-12 16:07:13.836069-06',NULL,'adan.correa@gmail.com','$2a$10$3m8dHImG9rc27pgP.jzMsuFDUBKPfw1l3bVSjaEseq.Sf0CJEYzdu','','','Adan, Correa','Correa','Adan','8194a4d1-2715-4cf7-a322-93d95708afd7',2528,'80d9769d-5bee-4023-9d8c-f3323782686d','0001-12-31 17:23:24-06:36:36 BC','','0001-12-31 17:23:24-06:36:36 BC',NULL),
	 ('9198d419-6f0c-43c6-bd3c-a3d390a2a7f2','2023-12-12 16:07:13.836765-06','2023-12-12 16:07:13.836765-06',NULL,'joel.salgado@gmail.com','$2a$10$3m8dHImG9rc27pgP.jzMsuFDUBKPfw1l3bVSjaEseq.Sf0CJEYzdu','','','Joel, Salgado','Salgado','Joel','8194a4d1-2715-4cf7-a322-93d95708afd7',850,'80d9769d-5bee-4023-9d8c-f3323782686d','0001-12-31 17:23:24-06:36:36 BC','','0001-12-31 17:23:24-06:36:36 BC',NULL),
	 ('20841da1-9446-4f4a-a69f-44f78203bb68','2023-12-12 16:07:13.837497-06','2023-12-12 16:07:13.837497-06',NULL,'alfredo.valenzuela@gmail.com','$2a$10$3m8dHImG9rc27pgP.jzMsuFDUBKPfw1l3bVSjaEseq.Sf0CJEYzdu','','','Alfredo, Valenzuela','Valenzuela','Alfredo','8194a4d1-2715-4cf7-a322-93d95708afd7',1617,'80d9769d-5bee-4023-9d8c-f3323782686d','0001-12-31 17:23:24-06:36:36 BC','','0001-12-31 17:23:24-06:36:36 BC',NULL),
	 ('b91cfc3e-7d5d-413f-8294-4b1ca7967262','2023-12-12 16:07:13.838233-06','2023-12-12 16:07:13.838233-06',NULL,'javier.barajas@gmail.com','$2a$10$3m8dHImG9rc27pgP.jzMsuFDUBKPfw1l3bVSjaEseq.Sf0CJEYzdu','','','Javier, Barajas','Barajas','Javier','8194a4d1-2715-4cf7-a322-93d95708afd7',65,'80d9769d-5bee-4023-9d8c-f3323782686d','0001-12-31 17:23:24-06:36:36 BC','','0001-12-31 17:23:24-06:36:36 BC',NULL),
	 ('71a28f8b-d2a1-4e62-96ce-9531c0edb287','2023-12-12 16:07:13.838946-06','2023-12-12 16:07:13.838946-06',NULL,'arturo.alvarez@gmail.com','$2a$10$3m8dHImG9rc27pgP.jzMsuFDUBKPfw1l3bVSjaEseq.Sf0CJEYzdu','','','Arturo, Alvarez','Alvarez','Arturo','8194a4d1-2715-4cf7-a322-93d95708afd7',2834,'80d9769d-5bee-4023-9d8c-f3323782686d','0001-12-31 17:23:24-06:36:36 BC','','0001-12-31 17:23:24-06:36:36 BC',NULL);
INSERT INTO public.users (id,created_at,updated_at,deleted_at,email,"password",google_id,image_url,name,family_name,given_name,permission_id,ranking,category_id,birthday,phone,member_since,has_picture) VALUES
	 ('bab06cae-4795-436e-9db3-74586486d42d','2023-12-12 16:07:13.839792-06','2023-12-12 16:07:13.839792-06',NULL,'david.sotomayor@gmail.com','$2a$10$3m8dHImG9rc27pgP.jzMsuFDUBKPfw1l3bVSjaEseq.Sf0CJEYzdu','','','David, Sotomayor','Sotomayor','David','8194a4d1-2715-4cf7-a322-93d95708afd7',1282,'80d9769d-5bee-4023-9d8c-f3323782686d','0001-12-31 17:23:24-06:36:36 BC','','0001-12-31 17:23:24-06:36:36 BC',NULL),
	 ('5bf8a8c8-2cee-4c7f-9c5c-19bde4a55df9','2023-12-12 16:07:13.840768-06','2023-12-12 16:07:13.840768-06',NULL,'julio.ruiz@gmail.com','$2a$10$3m8dHImG9rc27pgP.jzMsuFDUBKPfw1l3bVSjaEseq.Sf0CJEYzdu','','','Julio, Ruiz','Ruiz','Julio','8194a4d1-2715-4cf7-a322-93d95708afd7',140,'80d9769d-5bee-4023-9d8c-f3323782686d','0001-12-31 17:23:24-06:36:36 BC','','0001-12-31 17:23:24-06:36:36 BC',NULL),
	 ('883997a1-22d9-4405-adba-4e5d680a82c5','2023-12-12 16:07:13.841508-06','2023-12-12 16:07:13.841508-06',NULL,'daniel.ramirez@gmail.com','$2a$10$3m8dHImG9rc27pgP.jzMsuFDUBKPfw1l3bVSjaEseq.Sf0CJEYzdu','','','Daniel, Ramirez','Ramirez','Daniel','8194a4d1-2715-4cf7-a322-93d95708afd7',618,'80d9769d-5bee-4023-9d8c-f3323782686d','0001-12-31 17:23:24-06:36:36 BC','','0001-12-31 17:23:24-06:36:36 BC',NULL),
	 ('26586976-ad03-4be5-9192-a816d0eb6647','2023-12-12 16:07:13.842257-06','2023-12-12 16:07:13.842257-06',NULL,'jaime.napoles@gmail.com','$2a$10$3m8dHImG9rc27pgP.jzMsuFDUBKPfw1l3bVSjaEseq.Sf0CJEYzdu','','','Jaime, Napoles','Napoles','Jaime','8194a4d1-2715-4cf7-a322-93d95708afd7',900,'80d9769d-5bee-4023-9d8c-f3323782686d','0001-12-31 17:23:24-06:36:36 BC','','0001-12-31 17:23:24-06:36:36 BC',NULL),
	 ('f231c019-595d-4418-92ee-854b0f20adea','2023-12-12 16:07:13.842969-06','2023-12-12 16:07:13.842969-06',NULL,'david.escamilla@gmail.com','$2a$10$3m8dHImG9rc27pgP.jzMsuFDUBKPfw1l3bVSjaEseq.Sf0CJEYzdu','','','David, Escamilla','Escamilla','David','8194a4d1-2715-4cf7-a322-93d95708afd7',2126,'80d9769d-5bee-4023-9d8c-f3323782686d','0001-12-31 17:23:24-06:36:36 BC','','0001-12-31 17:23:24-06:36:36 BC',NULL),
	 ('33370724-4a37-44fe-a431-e50f29de29e9','2023-12-12 16:07:13.843712-06','2023-12-12 16:07:13.843712-06',NULL,'jose.santaella@gmail.com','$2a$10$3m8dHImG9rc27pgP.jzMsuFDUBKPfw1l3bVSjaEseq.Sf0CJEYzdu','','','Jose, Santaella','Santaella','Jose','8194a4d1-2715-4cf7-a322-93d95708afd7',1334,'80d9769d-5bee-4023-9d8c-f3323782686d','0001-12-31 17:23:24-06:36:36 BC','','0001-12-31 17:23:24-06:36:36 BC',NULL),
	 ('27b59fec-921b-4582-ae6a-f3a5073a7dae','2023-12-12 16:07:13.844547-06','2023-12-12 16:07:13.844547-06',NULL,'ramiro.perez@gmail.com','$2a$10$3m8dHImG9rc27pgP.jzMsuFDUBKPfw1l3bVSjaEseq.Sf0CJEYzdu','','','Ramiro, Perez','Perez','Ramiro','8194a4d1-2715-4cf7-a322-93d95708afd7',2797,'80d9769d-5bee-4023-9d8c-f3323782686d','0001-12-31 17:23:24-06:36:36 BC','','0001-12-31 17:23:24-06:36:36 BC',NULL),
	 ('d8273433-34d7-435c-943e-f7752d100013','2023-12-12 16:07:13.845244-06','2023-12-12 16:07:13.845244-06',NULL,'federico.almeida@gmail.com','$2a$10$3m8dHImG9rc27pgP.jzMsuFDUBKPfw1l3bVSjaEseq.Sf0CJEYzdu','','','Federico, Almeida','Almeida','Federico','8194a4d1-2715-4cf7-a322-93d95708afd7',973,'80d9769d-5bee-4023-9d8c-f3323782686d','0001-12-31 17:23:24-06:36:36 BC','','0001-12-31 17:23:24-06:36:36 BC',NULL),
	 ('414310bd-e70a-463e-8529-c700cdcbe7ae','2023-12-12 16:07:13.845943-06','2023-12-12 16:07:13.845943-06',NULL,'gerardo.reyes@gmail.com','$2a$10$3m8dHImG9rc27pgP.jzMsuFDUBKPfw1l3bVSjaEseq.Sf0CJEYzdu','','','Gerardo, Reyes','Reyes','Gerardo','8194a4d1-2715-4cf7-a322-93d95708afd7',863,'80d9769d-5bee-4023-9d8c-f3323782686d','0001-12-31 17:23:24-06:36:36 BC','','0001-12-31 17:23:24-06:36:36 BC',NULL),
	 ('c50aaebe-3beb-42d9-ada6-c595edf3f7ea','2023-12-12 16:07:13.846619-06','2023-12-12 16:07:13.846619-06',NULL,'alejandro.flores@gmail.com','$2a$10$3m8dHImG9rc27pgP.jzMsuFDUBKPfw1l3bVSjaEseq.Sf0CJEYzdu','','','Alejandro, Flores','Flores','Alejandro','8194a4d1-2715-4cf7-a322-93d95708afd7',1344,'80d9769d-5bee-4023-9d8c-f3323782686d','0001-12-31 17:23:24-06:36:36 BC','','0001-12-31 17:23:24-06:36:36 BC',NULL);
INSERT INTO public.users (id,created_at,updated_at,deleted_at,email,"password",google_id,image_url,name,family_name,given_name,permission_id,ranking,category_id,birthday,phone,member_since,has_picture) VALUES
	 ('9f01bfec-5385-4fb3-a295-1027615a3a91','2023-12-12 16:07:13.847351-06','2023-12-12 16:07:13.847351-06',NULL,'eric.perez@gmail.com','$2a$10$3m8dHImG9rc27pgP.jzMsuFDUBKPfw1l3bVSjaEseq.Sf0CJEYzdu','','','Eric, Perez','Perez','Eric','8194a4d1-2715-4cf7-a322-93d95708afd7',258,'80d9769d-5bee-4023-9d8c-f3323782686d','0001-12-31 17:23:24-06:36:36 BC','','0001-12-31 17:23:24-06:36:36 BC',NULL),
	 ('2667b550-99ee-49b7-8b8b-9969c2f4f0f6','2023-12-12 16:07:13.848032-06','2023-12-12 16:07:13.848032-06',NULL,'alvaro.gastelum@gmail.com','$2a$10$3m8dHImG9rc27pgP.jzMsuFDUBKPfw1l3bVSjaEseq.Sf0CJEYzdu','','','Alvaro, Gastelum','Gastelum','Alvaro','8194a4d1-2715-4cf7-a322-93d95708afd7',818,'80d9769d-5bee-4023-9d8c-f3323782686d','0001-12-31 17:23:24-06:36:36 BC','','0001-12-31 17:23:24-06:36:36 BC',NULL),
	 ('a59952a3-714f-42b0-b92a-bb6c5f71731c','2023-12-12 16:07:13.848716-06','2023-12-12 16:07:13.848716-06',NULL,'alfredo.reyes@gmail.com','$2a$10$3m8dHImG9rc27pgP.jzMsuFDUBKPfw1l3bVSjaEseq.Sf0CJEYzdu','','','Alfredo, Reyes','Reyes','Alfredo','8194a4d1-2715-4cf7-a322-93d95708afd7',2896,'80d9769d-5bee-4023-9d8c-f3323782686d','0001-12-31 17:23:24-06:36:36 BC','','0001-12-31 17:23:24-06:36:36 BC',NULL),
	 ('5d123320-5562-4fb7-8ed2-2cb03beb7b51','2023-12-12 16:07:13.849377-06','2023-12-12 16:07:13.849377-06',NULL,'armando.escamilla@gmail.com','$2a$10$3m8dHImG9rc27pgP.jzMsuFDUBKPfw1l3bVSjaEseq.Sf0CJEYzdu','','','Armando, Escamilla','Escamilla','Armando','8194a4d1-2715-4cf7-a322-93d95708afd7',2749,'80d9769d-5bee-4023-9d8c-f3323782686d','0001-12-31 17:23:24-06:36:36 BC','','0001-12-31 17:23:24-06:36:36 BC',NULL),
	 ('5a9da143-e11d-4d48-b992-3d44d072f188','2023-12-12 16:07:13.850084-06','2023-12-12 16:07:13.850084-06',NULL,'octavio.salgado@gmail.com','$2a$10$3m8dHImG9rc27pgP.jzMsuFDUBKPfw1l3bVSjaEseq.Sf0CJEYzdu','','','Octavio, Salgado','Salgado','Octavio','8194a4d1-2715-4cf7-a322-93d95708afd7',1742,'80d9769d-5bee-4023-9d8c-f3323782686d','0001-12-31 17:23:24-06:36:36 BC','','0001-12-31 17:23:24-06:36:36 BC',NULL),
	 ('ae8b1447-4516-4c26-8d9a-caa187413375','2023-12-12 16:07:13.850741-06','2023-12-12 16:07:13.850741-06',NULL,'jose.gomez@gmail.com','$2a$10$3m8dHImG9rc27pgP.jzMsuFDUBKPfw1l3bVSjaEseq.Sf0CJEYzdu','','','Jose, Gomez','Gomez','Jose','8194a4d1-2715-4cf7-a322-93d95708afd7',2751,'80d9769d-5bee-4023-9d8c-f3323782686d','0001-12-31 17:23:24-06:36:36 BC','','0001-12-31 17:23:24-06:36:36 BC',NULL),
	 ('82e8977a-06b8-44dc-9bb4-c05d05913bb0','2023-12-12 16:07:13.8514-06','2023-12-12 16:07:13.8514-06',NULL,'rodrigo.maravilla@gmail.com','$2a$10$3m8dHImG9rc27pgP.jzMsuFDUBKPfw1l3bVSjaEseq.Sf0CJEYzdu','','','Rodrigo, Maravilla','Maravilla','Rodrigo','8194a4d1-2715-4cf7-a322-93d95708afd7',651,'80d9769d-5bee-4023-9d8c-f3323782686d','0001-12-31 17:23:24-06:36:36 BC','','0001-12-31 17:23:24-06:36:36 BC',NULL),
	 ('52949d09-5ea2-4c1e-9e48-0dfadcdaa1e1','2023-12-12 16:07:13.852061-06','2023-12-12 16:07:13.852061-06',NULL,'martin.gonzalez@gmail.com','$2a$10$3m8dHImG9rc27pgP.jzMsuFDUBKPfw1l3bVSjaEseq.Sf0CJEYzdu','','','Martin, Gonzalez','Gonzalez','Martin','8194a4d1-2715-4cf7-a322-93d95708afd7',1417,'80d9769d-5bee-4023-9d8c-f3323782686d','0001-12-31 17:23:24-06:36:36 BC','','0001-12-31 17:23:24-06:36:36 BC',NULL),
	 ('6fffba59-3787-4d72-b832-fd110ebe6d6d','2023-12-12 16:07:13.852698-06','2023-12-12 16:07:13.852698-06',NULL,'ramiro.olmos@gmail.com','$2a$10$3m8dHImG9rc27pgP.jzMsuFDUBKPfw1l3bVSjaEseq.Sf0CJEYzdu','','','Ramiro, Olmos','Olmos','Ramiro','8194a4d1-2715-4cf7-a322-93d95708afd7',1931,'80d9769d-5bee-4023-9d8c-f3323782686d','0001-12-31 17:23:24-06:36:36 BC','','0001-12-31 17:23:24-06:36:36 BC',NULL),
	 ('78aa3ad4-6871-4192-83b6-3fe92a6275e4','2023-12-12 16:07:13.853354-06','2023-12-12 16:07:13.853354-06',NULL,'federico.napoles@gmail.com','$2a$10$3m8dHImG9rc27pgP.jzMsuFDUBKPfw1l3bVSjaEseq.Sf0CJEYzdu','','','Federico, Napoles','Napoles','Federico','8194a4d1-2715-4cf7-a322-93d95708afd7',911,'80d9769d-5bee-4023-9d8c-f3323782686d','0001-12-31 17:23:24-06:36:36 BC','','0001-12-31 17:23:24-06:36:36 BC',NULL);
INSERT INTO public.users (id,created_at,updated_at,deleted_at,email,"password",google_id,image_url,name,family_name,given_name,permission_id,ranking,category_id,birthday,phone,member_since,has_picture) VALUES
	 ('39b37e0c-65fa-42f3-b99f-f6e01967a404','2023-12-12 16:07:13.853996-06','2023-12-12 16:07:13.853996-06',NULL,'carlos.navarro@gmail.com','$2a$10$3m8dHImG9rc27pgP.jzMsuFDUBKPfw1l3bVSjaEseq.Sf0CJEYzdu','','','Carlos, Navarro','Navarro','Carlos','8194a4d1-2715-4cf7-a322-93d95708afd7',1446,'80d9769d-5bee-4023-9d8c-f3323782686d','0001-12-31 17:23:24-06:36:36 BC','','0001-12-31 17:23:24-06:36:36 BC',NULL),
	 ('f3171a17-1b8c-4d79-a666-f3b1f963e821','2023-12-12 16:07:13.85486-06','2023-12-12 16:07:13.85486-06',NULL,'diego.navarro@gmail.com','$2a$10$3m8dHImG9rc27pgP.jzMsuFDUBKPfw1l3bVSjaEseq.Sf0CJEYzdu','','','Diego, Navarro','Navarro','Diego','8194a4d1-2715-4cf7-a322-93d95708afd7',1182,'80d9769d-5bee-4023-9d8c-f3323782686d','0001-12-31 17:23:24-06:36:36 BC','','0001-12-31 17:23:24-06:36:36 BC',NULL),
	 ('23ac1141-af44-4284-a431-00f969c1c67c','2023-12-12 16:07:13.855552-06','2023-12-12 16:07:13.855552-06',NULL,'francisco.maravilla@gmail.com','$2a$10$3m8dHImG9rc27pgP.jzMsuFDUBKPfw1l3bVSjaEseq.Sf0CJEYzdu','','','Francisco, Maravilla','Maravilla','Francisco','8194a4d1-2715-4cf7-a322-93d95708afd7',1991,'80d9769d-5bee-4023-9d8c-f3323782686d','0001-12-31 17:23:24-06:36:36 BC','','0001-12-31 17:23:24-06:36:36 BC',NULL),
	 ('f57f3162-61b7-4ea6-ae36-f1b4a24f2291','2023-12-12 16:07:13.856358-06','2023-12-12 16:07:13.856358-06',NULL,'alejandro.ramirez@gmail.com','$2a$10$3m8dHImG9rc27pgP.jzMsuFDUBKPfw1l3bVSjaEseq.Sf0CJEYzdu','','','Alejandro, Ramirez','Ramirez','Alejandro','8194a4d1-2715-4cf7-a322-93d95708afd7',1799,'80d9769d-5bee-4023-9d8c-f3323782686d','0001-12-31 17:23:24-06:36:36 BC','','0001-12-31 17:23:24-06:36:36 BC',NULL),
	 ('29d84fd5-64ba-413c-b2a8-b6c8403b41a9','2023-12-12 16:07:13.85713-06','2023-12-12 16:07:13.85713-06',NULL,'alejandro.oliva@gmail.com','$2a$10$3m8dHImG9rc27pgP.jzMsuFDUBKPfw1l3bVSjaEseq.Sf0CJEYzdu','','','Alejandro, Oliva','Oliva','Alejandro','8194a4d1-2715-4cf7-a322-93d95708afd7',2332,'80d9769d-5bee-4023-9d8c-f3323782686d','0001-12-31 17:23:24-06:36:36 BC','','0001-12-31 17:23:24-06:36:36 BC',NULL),
	 ('d309642c-37c0-4d12-89f0-bf395f9c715a','2023-12-12 16:07:13.857884-06','2023-12-12 16:07:13.857884-06',NULL,'emilio.almeida@gmail.com','$2a$10$3m8dHImG9rc27pgP.jzMsuFDUBKPfw1l3bVSjaEseq.Sf0CJEYzdu','','','Emilio, Almeida','Almeida','Emilio','8194a4d1-2715-4cf7-a322-93d95708afd7',2558,'80d9769d-5bee-4023-9d8c-f3323782686d','0001-12-31 17:23:24-06:36:36 BC','','0001-12-31 17:23:24-06:36:36 BC',NULL),
	 ('fd689f56-3cdd-4d3c-a10c-e04eef3051a1','2023-12-12 16:07:13.860216-06','2023-12-12 16:07:13.860216-06',NULL,'david.ramirez@gmail.com','$2a$10$3m8dHImG9rc27pgP.jzMsuFDUBKPfw1l3bVSjaEseq.Sf0CJEYzdu','','','David, Ramirez','Ramirez','David','8194a4d1-2715-4cf7-a322-93d95708afd7',2941,'80d9769d-5bee-4023-9d8c-f3323782686d','0001-12-31 17:23:24-06:36:36 BC','','0001-12-31 17:23:24-06:36:36 BC',NULL),
	 ('c55786b2-e9bb-4414-bab4-b5b338c78a4d','2023-12-12 16:07:13.860995-06','2023-12-12 16:07:13.860995-06',NULL,'carlos.ruiz@gmail.com','$2a$10$3m8dHImG9rc27pgP.jzMsuFDUBKPfw1l3bVSjaEseq.Sf0CJEYzdu','','','Carlos, Ruiz','Ruiz','Carlos','8194a4d1-2715-4cf7-a322-93d95708afd7',2614,'80d9769d-5bee-4023-9d8c-f3323782686d','0001-12-31 17:23:24-06:36:36 BC','','0001-12-31 17:23:24-06:36:36 BC',NULL),
	 ('22f8ab2f-5ee0-44df-aaa7-0f85b281c6ef','2023-12-12 16:07:13.86176-06','2023-12-12 16:07:13.86176-06',NULL,'jose.maya@gmail.com','$2a$10$3m8dHImG9rc27pgP.jzMsuFDUBKPfw1l3bVSjaEseq.Sf0CJEYzdu','','','Jose, Maya','Maya','Jose','8194a4d1-2715-4cf7-a322-93d95708afd7',6,'80d9769d-5bee-4023-9d8c-f3323782686d','0001-12-31 17:23:24-06:36:36 BC','','0001-12-31 17:23:24-06:36:36 BC',NULL),
	 ('1c158e60-eb32-45c9-94fc-46dccf67ba0c','2023-12-12 16:07:13.863197-06','2023-12-12 16:07:13.863197-06',NULL,'arturo.celis@gmail.com','$2a$10$3m8dHImG9rc27pgP.jzMsuFDUBKPfw1l3bVSjaEseq.Sf0CJEYzdu','','','Arturo, Celis','Celis','Arturo','8194a4d1-2715-4cf7-a322-93d95708afd7',2811,'80d9769d-5bee-4023-9d8c-f3323782686d','0001-12-31 17:23:24-06:36:36 BC','','0001-12-31 17:23:24-06:36:36 BC',NULL);
INSERT INTO public.users (id,created_at,updated_at,deleted_at,email,"password",google_id,image_url,name,family_name,given_name,permission_id,ranking,category_id,birthday,phone,member_since,has_picture) VALUES
	 ('bf030a15-10f3-471d-9c11-f0adf2caf5a7','2023-12-12 16:07:13.863971-06','2023-12-12 16:07:13.863971-06',NULL,'pablo.tapia@gmail.com','$2a$10$3m8dHImG9rc27pgP.jzMsuFDUBKPfw1l3bVSjaEseq.Sf0CJEYzdu','','','Pablo, Tapia','Tapia','Pablo','8194a4d1-2715-4cf7-a322-93d95708afd7',1450,'80d9769d-5bee-4023-9d8c-f3323782686d','0001-12-31 17:23:24-06:36:36 BC','','0001-12-31 17:23:24-06:36:36 BC',NULL),
	 ('91ff4df0-3af2-45c7-98e5-298e19f57507','2023-12-12 16:07:13.865389-06','2023-12-12 16:07:13.865389-06',NULL,'armando.napoles@gmail.com','$2a$10$3m8dHImG9rc27pgP.jzMsuFDUBKPfw1l3bVSjaEseq.Sf0CJEYzdu','','','Armando, Napoles','Napoles','Armando','8194a4d1-2715-4cf7-a322-93d95708afd7',378,'80d9769d-5bee-4023-9d8c-f3323782686d','0001-12-31 17:23:24-06:36:36 BC','','0001-12-31 17:23:24-06:36:36 BC',NULL),
	 ('b72dc02d-641e-40e6-8e28-96ef0f94bb74','2023-12-12 16:07:13.866152-06','2023-12-12 16:07:13.866152-06',NULL,'oscar.napoles@gmail.com','$2a$10$3m8dHImG9rc27pgP.jzMsuFDUBKPfw1l3bVSjaEseq.Sf0CJEYzdu','','','Oscar, Napoles','Napoles','Oscar','8194a4d1-2715-4cf7-a322-93d95708afd7',2636,'80d9769d-5bee-4023-9d8c-f3323782686d','0001-12-31 17:23:24-06:36:36 BC','','0001-12-31 17:23:24-06:36:36 BC',NULL),
	 ('33d7d2c5-47a4-4a3d-a815-d1e7e8af0eb2','2023-12-12 16:07:13.866911-06','2023-12-12 16:07:13.866911-06',NULL,'antonio.ruiz@gmail.com','$2a$10$3m8dHImG9rc27pgP.jzMsuFDUBKPfw1l3bVSjaEseq.Sf0CJEYzdu','','','Antonio, Ruiz','Ruiz','Antonio','8194a4d1-2715-4cf7-a322-93d95708afd7',1317,'80d9769d-5bee-4023-9d8c-f3323782686d','0001-12-31 17:23:24-06:36:36 BC','','0001-12-31 17:23:24-06:36:36 BC',NULL),
	 ('7b1ea9da-036e-40b9-ab24-d169883da698','2023-12-12 16:07:13.867659-06','2023-12-12 16:07:13.867659-06',NULL,'juan.tapia@gmail.com','$2a$10$3m8dHImG9rc27pgP.jzMsuFDUBKPfw1l3bVSjaEseq.Sf0CJEYzdu','','','Juan, Tapia','Tapia','Juan','8194a4d1-2715-4cf7-a322-93d95708afd7',2733,'80d9769d-5bee-4023-9d8c-f3323782686d','0001-12-31 17:23:24-06:36:36 BC','','0001-12-31 17:23:24-06:36:36 BC',NULL),
	 ('6d5a3803-ef06-4bd1-afc7-3b99a1fc934b','2023-12-12 16:07:13.869091-06','2023-12-12 16:07:13.869091-06',NULL,'javier.correa@gmail.com','$2a$10$3m8dHImG9rc27pgP.jzMsuFDUBKPfw1l3bVSjaEseq.Sf0CJEYzdu','','','Javier, Correa','Correa','Javier','8194a4d1-2715-4cf7-a322-93d95708afd7',1514,'80d9769d-5bee-4023-9d8c-f3323782686d','0001-12-31 17:23:24-06:36:36 BC','','0001-12-31 17:23:24-06:36:36 BC',NULL),
	 ('19d3df33-ecc5-4dc8-87be-1ab1157a2724','2023-12-12 16:07:13.869863-06','2023-12-12 16:07:13.869863-06',NULL,'alvaro.alatorre@gmail.com','$2a$10$3m8dHImG9rc27pgP.jzMsuFDUBKPfw1l3bVSjaEseq.Sf0CJEYzdu','','','Alvaro, Alatorre','Alatorre','Alvaro','8194a4d1-2715-4cf7-a322-93d95708afd7',1411,'80d9769d-5bee-4023-9d8c-f3323782686d','0001-12-31 17:23:24-06:36:36 BC','','0001-12-31 17:23:24-06:36:36 BC',NULL),
	 ('f9bacd51-f1a0-40fd-8e1d-2d67863f5296','2023-12-12 16:07:13.870594-06','2023-12-12 16:07:13.870594-06',NULL,'felipe.tapia@gmail.com','$2a$10$3m8dHImG9rc27pgP.jzMsuFDUBKPfw1l3bVSjaEseq.Sf0CJEYzdu','','','Felipe, Tapia','Tapia','Felipe','8194a4d1-2715-4cf7-a322-93d95708afd7',1412,'80d9769d-5bee-4023-9d8c-f3323782686d','0001-12-31 17:23:24-06:36:36 BC','','0001-12-31 17:23:24-06:36:36 BC',NULL),
	 ('b2133451-0903-4e9b-92b2-427f5ea1e743','2023-12-12 16:07:13.871336-06','2023-12-12 16:07:13.871336-06',NULL,'juan.villa@gmail.com','$2a$10$3m8dHImG9rc27pgP.jzMsuFDUBKPfw1l3bVSjaEseq.Sf0CJEYzdu','','','Juan, Villa','Villa','Juan','8194a4d1-2715-4cf7-a322-93d95708afd7',1105,'80d9769d-5bee-4023-9d8c-f3323782686d','0001-12-31 17:23:24-06:36:36 BC','','0001-12-31 17:23:24-06:36:36 BC',NULL),
	 ('b295c507-98cb-4120-b7d8-4fe532efa4e7','2023-12-12 16:07:13.8723-06','2023-12-12 16:07:13.8723-06',NULL,'oscar.torres@gmail.com','$2a$10$3m8dHImG9rc27pgP.jzMsuFDUBKPfw1l3bVSjaEseq.Sf0CJEYzdu','','','Oscar, Torres','Torres','Oscar','8194a4d1-2715-4cf7-a322-93d95708afd7',1475,'80d9769d-5bee-4023-9d8c-f3323782686d','0001-12-31 17:23:24-06:36:36 BC','','0001-12-31 17:23:24-06:36:36 BC',NULL);
INSERT INTO public.users (id,created_at,updated_at,deleted_at,email,"password",google_id,image_url,name,family_name,given_name,permission_id,ranking,category_id,birthday,phone,member_since,has_picture) VALUES
	 ('e7e53766-2d72-4913-b63c-3ba483466198','2023-12-12 16:07:13.873467-06','2023-12-12 16:07:13.873467-06',NULL,'ramiro.celis@gmail.com','$2a$10$3m8dHImG9rc27pgP.jzMsuFDUBKPfw1l3bVSjaEseq.Sf0CJEYzdu','','','Ramiro, Celis','Celis','Ramiro','8194a4d1-2715-4cf7-a322-93d95708afd7',1669,'80d9769d-5bee-4023-9d8c-f3323782686d','0001-12-31 17:23:24-06:36:36 BC','','0001-12-31 17:23:24-06:36:36 BC',NULL),
	 ('eba0c29d-5288-417f-a9b5-f14a78b1b9f5','2023-12-12 16:07:13.874612-06','2023-12-12 16:07:13.874612-06',NULL,'joel.martinez@gmail.com','$2a$10$3m8dHImG9rc27pgP.jzMsuFDUBKPfw1l3bVSjaEseq.Sf0CJEYzdu','','','Joel, Martinez','Martinez','Joel','8194a4d1-2715-4cf7-a322-93d95708afd7',1254,'80d9769d-5bee-4023-9d8c-f3323782686d','0001-12-31 17:23:24-06:36:36 BC','','0001-12-31 17:23:24-06:36:36 BC',NULL),
	 ('fd634e33-912e-486a-b73f-ca5cdbb4d441','2023-12-12 16:07:13.875608-06','2023-12-12 16:07:13.875608-06',NULL,'daniel.maya@gmail.com','$2a$10$3m8dHImG9rc27pgP.jzMsuFDUBKPfw1l3bVSjaEseq.Sf0CJEYzdu','','','Daniel, Maya','Maya','Daniel','8194a4d1-2715-4cf7-a322-93d95708afd7',2885,'80d9769d-5bee-4023-9d8c-f3323782686d','0001-12-31 17:23:24-06:36:36 BC','','0001-12-31 17:23:24-06:36:36 BC',NULL),
	 ('004c0bdc-45b9-4f0d-9041-8f0579586cb9','2023-12-12 16:07:13.876379-06','2023-12-12 16:07:13.876379-06',NULL,'david.martinez@gmail.com','$2a$10$3m8dHImG9rc27pgP.jzMsuFDUBKPfw1l3bVSjaEseq.Sf0CJEYzdu','','','David, Martinez','Martinez','David','8194a4d1-2715-4cf7-a322-93d95708afd7',325,'80d9769d-5bee-4023-9d8c-f3323782686d','0001-12-31 17:23:24-06:36:36 BC','','0001-12-31 17:23:24-06:36:36 BC',NULL),
	 ('b9cc5e08-1e05-49c6-9d88-5af3dbe8e56e','2023-12-12 16:07:13.877161-06','2023-12-12 16:07:13.877161-06',NULL,'martin.estrella@gmail.com','$2a$10$3m8dHImG9rc27pgP.jzMsuFDUBKPfw1l3bVSjaEseq.Sf0CJEYzdu','','','Martin, Estrella','Estrella','Martin','8194a4d1-2715-4cf7-a322-93d95708afd7',2591,'80d9769d-5bee-4023-9d8c-f3323782686d','0001-12-31 17:23:24-06:36:36 BC','','0001-12-31 17:23:24-06:36:36 BC',NULL),
	 ('6a9952a6-14c6-4f89-a1f0-7452149e3e35','2023-12-12 16:07:13.877911-06','2023-12-12 16:07:13.877911-06',NULL,'alonso.maravilla@gmail.com','$2a$10$3m8dHImG9rc27pgP.jzMsuFDUBKPfw1l3bVSjaEseq.Sf0CJEYzdu','','','Alonso, Maravilla','Maravilla','Alonso','8194a4d1-2715-4cf7-a322-93d95708afd7',932,'80d9769d-5bee-4023-9d8c-f3323782686d','0001-12-31 17:23:24-06:36:36 BC','','0001-12-31 17:23:24-06:36:36 BC',NULL),
	 ('c5103cdc-c2de-4f10-b63f-366132e3dd74','2023-12-12 16:07:13.878708-06','2023-12-12 16:07:13.878708-06',NULL,'armando.gomez@gmail.com','$2a$10$3m8dHImG9rc27pgP.jzMsuFDUBKPfw1l3bVSjaEseq.Sf0CJEYzdu','','','Armando, Gomez','Gomez','Armando','8194a4d1-2715-4cf7-a322-93d95708afd7',2632,'80d9769d-5bee-4023-9d8c-f3323782686d','0001-12-31 17:23:24-06:36:36 BC','','0001-12-31 17:23:24-06:36:36 BC',NULL),
	 ('f7c8f598-124f-4be5-ab37-e3912781d7a4','2023-12-12 16:07:13.881611-06','2023-12-12 16:07:13.881611-06',NULL,'gerardo.poil@gmail.com','$2a$10$3m8dHImG9rc27pgP.jzMsuFDUBKPfw1l3bVSjaEseq.Sf0CJEYzdu','','','Gerardo, Poil','Poil','Gerardo','8194a4d1-2715-4cf7-a322-93d95708afd7',53,'80d9769d-5bee-4023-9d8c-f3323782686d','0001-12-31 17:23:24-06:36:36 BC','','0001-12-31 17:23:24-06:36:36 BC',NULL),
	 ('73eac99a-1ccb-43ae-bde7-be34b07b751e','2023-12-12 16:07:13.882889-06','2023-12-12 16:07:13.882889-06',NULL,'javier.santaella@gmail.com','$2a$10$3m8dHImG9rc27pgP.jzMsuFDUBKPfw1l3bVSjaEseq.Sf0CJEYzdu','','','Javier, Santaella','Santaella','Javier','8194a4d1-2715-4cf7-a322-93d95708afd7',1377,'80d9769d-5bee-4023-9d8c-f3323782686d','0001-12-31 17:23:24-06:36:36 BC','','0001-12-31 17:23:24-06:36:36 BC',NULL),
	 ('781a0739-086e-4820-ac06-8a05baffa661','2023-12-12 16:07:13.883669-06','2023-12-12 16:07:13.883669-06',NULL,'daniel.celis@gmail.com','$2a$10$3m8dHImG9rc27pgP.jzMsuFDUBKPfw1l3bVSjaEseq.Sf0CJEYzdu','','','Daniel, Celis','Celis','Daniel','8194a4d1-2715-4cf7-a322-93d95708afd7',2376,'80d9769d-5bee-4023-9d8c-f3323782686d','0001-12-31 17:23:24-06:36:36 BC','','0001-12-31 17:23:24-06:36:36 BC',NULL);
INSERT INTO public.users (id,created_at,updated_at,deleted_at,email,"password",google_id,image_url,name,family_name,given_name,permission_id,ranking,category_id,birthday,phone,member_since,has_picture) VALUES
	 ('8c5f2ecd-2e5e-4da8-a6c3-3e6251ba64af','2023-12-12 16:07:13.885189-06','2023-12-12 16:07:13.885189-06',NULL,'gerardo.villa@gmail.com','$2a$10$3m8dHImG9rc27pgP.jzMsuFDUBKPfw1l3bVSjaEseq.Sf0CJEYzdu','','','Gerardo, Villa','Villa','Gerardo','8194a4d1-2715-4cf7-a322-93d95708afd7',502,'80d9769d-5bee-4023-9d8c-f3323782686d','0001-12-31 17:23:24-06:36:36 BC','','0001-12-31 17:23:24-06:36:36 BC',NULL),
	 ('c8dcbd74-3447-4cb6-9af8-26b996e64d30','2023-12-12 16:07:13.885958-06','2023-12-12 16:07:13.885958-06',NULL,'eric.diaz@gmail.com','$2a$10$3m8dHImG9rc27pgP.jzMsuFDUBKPfw1l3bVSjaEseq.Sf0CJEYzdu','','','Eric, Diaz','Diaz','Eric','8194a4d1-2715-4cf7-a322-93d95708afd7',2712,'80d9769d-5bee-4023-9d8c-f3323782686d','0001-12-31 17:23:24-06:36:36 BC','','0001-12-31 17:23:24-06:36:36 BC',NULL),
	 ('a752f9e9-47b0-4a18-8573-11db04d8b88b','2023-12-12 16:07:13.886735-06','2023-12-12 16:07:13.886735-06',NULL,'agustin.navarro@gmail.com','$2a$10$3m8dHImG9rc27pgP.jzMsuFDUBKPfw1l3bVSjaEseq.Sf0CJEYzdu','','','Agustin, Navarro','Navarro','Agustin','8194a4d1-2715-4cf7-a322-93d95708afd7',1638,'80d9769d-5bee-4023-9d8c-f3323782686d','0001-12-31 17:23:24-06:36:36 BC','','0001-12-31 17:23:24-06:36:36 BC',NULL),
	 ('c4e90f8b-8fa0-4f4f-b32e-aeae5210a65b','2023-12-12 16:07:13.888363-06','2023-12-12 16:07:13.888363-06',NULL,'joel.reyes@gmail.com','$2a$10$3m8dHImG9rc27pgP.jzMsuFDUBKPfw1l3bVSjaEseq.Sf0CJEYzdu','','','Joel, Reyes','Reyes','Joel','8194a4d1-2715-4cf7-a322-93d95708afd7',2528,'80d9769d-5bee-4023-9d8c-f3323782686d','0001-12-31 17:23:24-06:36:36 BC','','0001-12-31 17:23:24-06:36:36 BC',NULL),
	 ('3b9777d3-f14f-4c5e-b308-4eb39beb43b0','2023-12-12 16:07:13.889157-06','2023-12-12 16:07:13.889157-06',NULL,'francisco.valenzuela@gmail.com','$2a$10$3m8dHImG9rc27pgP.jzMsuFDUBKPfw1l3bVSjaEseq.Sf0CJEYzdu','','','Francisco, Valenzuela','Valenzuela','Francisco','8194a4d1-2715-4cf7-a322-93d95708afd7',1293,'80d9769d-5bee-4023-9d8c-f3323782686d','0001-12-31 17:23:24-06:36:36 BC','','0001-12-31 17:23:24-06:36:36 BC',NULL),
	 ('e25f1664-9456-4ee1-9eab-9cdc63287b39','2023-12-12 16:07:13.890291-06','2023-12-12 16:07:13.890291-06',NULL,'jorge.sottil@gmail.com','$2a$10$3m8dHImG9rc27pgP.jzMsuFDUBKPfw1l3bVSjaEseq.Sf0CJEYzdu','','','Jorge, Sottil','Sottil','Jorge','8194a4d1-2715-4cf7-a322-93d95708afd7',1534,'80d9769d-5bee-4023-9d8c-f3323782686d','0001-12-31 17:23:24-06:36:36 BC','','0001-12-31 17:23:24-06:36:36 BC',NULL),
	 ('19b00ea4-9943-4ab3-809d-e19a6b7a1ba9','2023-12-12 16:07:13.891855-06','2023-12-12 16:07:13.891855-06',NULL,'luis.villa@gmail.com','$2a$10$3m8dHImG9rc27pgP.jzMsuFDUBKPfw1l3bVSjaEseq.Sf0CJEYzdu','','','Luis, Villa','Villa','Luis','8194a4d1-2715-4cf7-a322-93d95708afd7',1552,'80d9769d-5bee-4023-9d8c-f3323782686d','0001-12-31 17:23:24-06:36:36 BC','','0001-12-31 17:23:24-06:36:36 BC',NULL),
	 ('8329db56-503c-4f9c-b982-688bdce57fb3','2023-12-12 16:07:13.894206-06','2023-12-12 16:07:13.894206-06',NULL,'daniel.villa@gmail.com','$2a$10$3m8dHImG9rc27pgP.jzMsuFDUBKPfw1l3bVSjaEseq.Sf0CJEYzdu','','','Daniel, Villa','Villa','Daniel','8194a4d1-2715-4cf7-a322-93d95708afd7',2636,'80d9769d-5bee-4023-9d8c-f3323782686d','0001-12-31 17:23:24-06:36:36 BC','','0001-12-31 17:23:24-06:36:36 BC',NULL),
	 ('aeb75535-b416-4229-828e-96f9c2435119','2023-12-12 16:07:13.896947-06','2023-12-12 16:07:13.896947-06',NULL,'jose.sotomayor@gmail.com','$2a$10$3m8dHImG9rc27pgP.jzMsuFDUBKPfw1l3bVSjaEseq.Sf0CJEYzdu','','','Jose, Sotomayor','Sotomayor','Jose','8194a4d1-2715-4cf7-a322-93d95708afd7',2279,'80d9769d-5bee-4023-9d8c-f3323782686d','0001-12-31 17:23:24-06:36:36 BC','','0001-12-31 17:23:24-06:36:36 BC',NULL),
	 ('43057db7-232a-4847-9bb2-07590a06a103','2023-12-12 16:07:13.901915-06','2023-12-12 16:07:13.901915-06',NULL,'ramiro.alvarez@gmail.com','$2a$10$3m8dHImG9rc27pgP.jzMsuFDUBKPfw1l3bVSjaEseq.Sf0CJEYzdu','','','Ramiro, Alvarez','Alvarez','Ramiro','8194a4d1-2715-4cf7-a322-93d95708afd7',765,'80d9769d-5bee-4023-9d8c-f3323782686d','0001-12-31 17:23:24-06:36:36 BC','','0001-12-31 17:23:24-06:36:36 BC',NULL);
INSERT INTO public.users (id,created_at,updated_at,deleted_at,email,"password",google_id,image_url,name,family_name,given_name,permission_id,ranking,category_id,birthday,phone,member_since,has_picture) VALUES
	 ('f77bf58c-3a15-49a9-9e8d-078144aa68a5','2023-12-12 16:07:13.903475-06','2023-12-12 16:07:13.903475-06',NULL,'felipe.sottil@gmail.com','$2a$10$3m8dHImG9rc27pgP.jzMsuFDUBKPfw1l3bVSjaEseq.Sf0CJEYzdu','','','Felipe, Sottil','Sottil','Felipe','8194a4d1-2715-4cf7-a322-93d95708afd7',1675,'80d9769d-5bee-4023-9d8c-f3323782686d','0001-12-31 17:23:24-06:36:36 BC','','0001-12-31 17:23:24-06:36:36 BC',NULL),
	 ('95c9e896-aafb-49d4-b343-5947c97e9b6b','2023-12-12 16:07:13.904687-06','2023-12-12 16:07:13.904687-06',NULL,'diego.flores@gmail.com','$2a$10$3m8dHImG9rc27pgP.jzMsuFDUBKPfw1l3bVSjaEseq.Sf0CJEYzdu','','','Diego, Flores','Flores','Diego','8194a4d1-2715-4cf7-a322-93d95708afd7',2199,'80d9769d-5bee-4023-9d8c-f3323782686d','0001-12-31 17:23:24-06:36:36 BC','','0001-12-31 17:23:24-06:36:36 BC',NULL),
	 ('b2628745-40e2-4104-8ddf-ace853778913','2023-12-12 16:07:13.905531-06','2023-12-12 16:07:13.905531-06',NULL,'adolfo.almeida@gmail.com','$2a$10$3m8dHImG9rc27pgP.jzMsuFDUBKPfw1l3bVSjaEseq.Sf0CJEYzdu','','','Adolfo, Almeida','Almeida','Adolfo','8194a4d1-2715-4cf7-a322-93d95708afd7',519,'80d9769d-5bee-4023-9d8c-f3323782686d','0001-12-31 17:23:24-06:36:36 BC','','0001-12-31 17:23:24-06:36:36 BC',NULL),
	 ('aa501e91-c464-4766-a98b-e2d816497897','2023-12-12 16:07:13.906324-06','2023-12-12 16:07:13.906324-06',NULL,'felipe.almeida@gmail.com','$2a$10$3m8dHImG9rc27pgP.jzMsuFDUBKPfw1l3bVSjaEseq.Sf0CJEYzdu','','','Felipe, Almeida','Almeida','Felipe','8194a4d1-2715-4cf7-a322-93d95708afd7',2145,'80d9769d-5bee-4023-9d8c-f3323782686d','0001-12-31 17:23:24-06:36:36 BC','','0001-12-31 17:23:24-06:36:36 BC',NULL),
	 ('c1370c6a-0e7a-432c-9c36-effaef77ab98','2023-12-12 16:07:13.907138-06','2023-12-12 16:07:13.907138-06',NULL,'emilio.torres@gmail.com','$2a$10$3m8dHImG9rc27pgP.jzMsuFDUBKPfw1l3bVSjaEseq.Sf0CJEYzdu','','','Emilio, Torres','Torres','Emilio','8194a4d1-2715-4cf7-a322-93d95708afd7',1000,'80d9769d-5bee-4023-9d8c-f3323782686d','0001-12-31 17:23:24-06:36:36 BC','','0001-12-31 17:23:24-06:36:36 BC',NULL),
	 ('62199c95-4dfe-43e6-b61b-9ed6293420e1','2023-12-12 16:07:13.908079-06','2023-12-12 16:07:13.908079-06',NULL,'gerardo.flores@gmail.com','$2a$10$3m8dHImG9rc27pgP.jzMsuFDUBKPfw1l3bVSjaEseq.Sf0CJEYzdu','','','Gerardo, Flores','Flores','Gerardo','8194a4d1-2715-4cf7-a322-93d95708afd7',2260,'80d9769d-5bee-4023-9d8c-f3323782686d','0001-12-31 17:23:24-06:36:36 BC','','0001-12-31 17:23:24-06:36:36 BC',NULL),
	 ('aa2e9bd4-4080-4d7b-8a6d-5ecf7b1e20d1','2023-12-12 16:07:13.90879-06','2023-12-12 16:07:13.90879-06',NULL,'felipe.oliva@gmail.com','$2a$10$3m8dHImG9rc27pgP.jzMsuFDUBKPfw1l3bVSjaEseq.Sf0CJEYzdu','','','Felipe, Oliva','Oliva','Felipe','8194a4d1-2715-4cf7-a322-93d95708afd7',2497,'80d9769d-5bee-4023-9d8c-f3323782686d','0001-12-31 17:23:24-06:36:36 BC','','0001-12-31 17:23:24-06:36:36 BC',NULL),
	 ('64a23f9f-070f-4c81-8f5a-259e55f19ad4','2023-12-12 16:07:13.910259-06','2023-12-12 16:07:13.910259-06',NULL,'david.valenzuela@gmail.com','$2a$10$3m8dHImG9rc27pgP.jzMsuFDUBKPfw1l3bVSjaEseq.Sf0CJEYzdu','','','David, Valenzuela','Valenzuela','David','8194a4d1-2715-4cf7-a322-93d95708afd7',1794,'80d9769d-5bee-4023-9d8c-f3323782686d','0001-12-31 17:23:24-06:36:36 BC','','0001-12-31 17:23:24-06:36:36 BC',NULL),
	 ('c7590c6e-6707-43ff-a08a-7ceca083f60d','2023-12-12 16:07:13.910965-06','2023-12-12 16:07:13.910965-06',NULL,'luis.gonzalez@gmail.com','$2a$10$3m8dHImG9rc27pgP.jzMsuFDUBKPfw1l3bVSjaEseq.Sf0CJEYzdu','','','Luis, Gonzalez','Gonzalez','Luis','8194a4d1-2715-4cf7-a322-93d95708afd7',507,'80d9769d-5bee-4023-9d8c-f3323782686d','0001-12-31 17:23:24-06:36:36 BC','','0001-12-31 17:23:24-06:36:36 BC',NULL),
	 ('c73d0075-fe84-4910-b75f-cb8ff87e6491','2023-12-12 16:07:13.911622-06','2023-12-12 16:07:13.911622-06',NULL,'jorge.oliva@gmail.com','$2a$10$3m8dHImG9rc27pgP.jzMsuFDUBKPfw1l3bVSjaEseq.Sf0CJEYzdu','','','Jorge, Oliva','Oliva','Jorge','8194a4d1-2715-4cf7-a322-93d95708afd7',1360,'80d9769d-5bee-4023-9d8c-f3323782686d','0001-12-31 17:23:24-06:36:36 BC','','0001-12-31 17:23:24-06:36:36 BC',NULL);
INSERT INTO public.users (id,created_at,updated_at,deleted_at,email,"password",google_id,image_url,name,family_name,given_name,permission_id,ranking,category_id,birthday,phone,member_since,has_picture) VALUES
	 ('2c314caf-066e-4f77-9fec-373941d9d777','2023-12-12 16:07:13.912966-06','2023-12-12 16:07:13.912966-06',NULL,'rodrigo.celis@gmail.com','$2a$10$3m8dHImG9rc27pgP.jzMsuFDUBKPfw1l3bVSjaEseq.Sf0CJEYzdu','','','Rodrigo, Celis','Celis','Rodrigo','8194a4d1-2715-4cf7-a322-93d95708afd7',222,'80d9769d-5bee-4023-9d8c-f3323782686d','0001-12-31 17:23:24-06:36:36 BC','','0001-12-31 17:23:24-06:36:36 BC',NULL),
	 ('a26d24b0-f19a-486c-8a45-b8f973eed327','2023-12-12 16:07:13.913809-06','2023-12-12 16:07:13.913809-06',NULL,'david.maravilla@gmail.com','$2a$10$3m8dHImG9rc27pgP.jzMsuFDUBKPfw1l3bVSjaEseq.Sf0CJEYzdu','','','David, Maravilla','Maravilla','David','8194a4d1-2715-4cf7-a322-93d95708afd7',1998,'80d9769d-5bee-4023-9d8c-f3323782686d','0001-12-31 17:23:24-06:36:36 BC','','0001-12-31 17:23:24-06:36:36 BC',NULL),
	 ('a949c36e-c170-45db-9911-4c16d4c9bb08','2023-12-12 16:07:13.914711-06','2023-12-12 16:07:13.914711-06',NULL,'gerardo.robles@gmail.com','$2a$10$3m8dHImG9rc27pgP.jzMsuFDUBKPfw1l3bVSjaEseq.Sf0CJEYzdu','','','Gerardo, Robles','Robles','Gerardo','8194a4d1-2715-4cf7-a322-93d95708afd7',2414,'80d9769d-5bee-4023-9d8c-f3323782686d','0001-12-31 17:23:24-06:36:36 BC','','0001-12-31 17:23:24-06:36:36 BC',NULL),
	 ('e36ecfd3-27ce-4ac9-8334-814f51262c9c','2023-12-12 16:07:13.915382-06','2023-12-12 16:07:13.915382-06',NULL,'daniel.santaella@gmail.com','$2a$10$3m8dHImG9rc27pgP.jzMsuFDUBKPfw1l3bVSjaEseq.Sf0CJEYzdu','','','Daniel, Santaella','Santaella','Daniel','8194a4d1-2715-4cf7-a322-93d95708afd7',1174,'80d9769d-5bee-4023-9d8c-f3323782686d','0001-12-31 17:23:24-06:36:36 BC','','0001-12-31 17:23:24-06:36:36 BC',NULL),
	 ('e4e67224-b03f-47c3-8f9a-4e4aec04a9ac','2023-12-12 16:07:13.916026-06','2023-12-12 16:07:13.916026-06',NULL,'armando.flores@gmail.com','$2a$10$3m8dHImG9rc27pgP.jzMsuFDUBKPfw1l3bVSjaEseq.Sf0CJEYzdu','','','Armando, Flores','Flores','Armando','8194a4d1-2715-4cf7-a322-93d95708afd7',2792,'80d9769d-5bee-4023-9d8c-f3323782686d','0001-12-31 17:23:24-06:36:36 BC','','0001-12-31 17:23:24-06:36:36 BC',NULL),
	 ('051271fd-96f5-4ac3-9da7-a1d0ef12bbe8','2023-12-12 16:07:13.916686-06','2023-12-12 16:07:13.916686-06',NULL,'ivan.sotomayor@gmail.com','$2a$10$3m8dHImG9rc27pgP.jzMsuFDUBKPfw1l3bVSjaEseq.Sf0CJEYzdu','','','Ivan, Sotomayor','Sotomayor','Ivan','8194a4d1-2715-4cf7-a322-93d95708afd7',2372,'80d9769d-5bee-4023-9d8c-f3323782686d','0001-12-31 17:23:24-06:36:36 BC','','0001-12-31 17:23:24-06:36:36 BC',NULL),
	 ('6a5d5c54-cbb3-4453-af65-b72981168360','2023-12-12 16:07:13.9181-06','2023-12-12 16:07:13.9181-06',NULL,'jose.ramirez@gmail.com','$2a$10$3m8dHImG9rc27pgP.jzMsuFDUBKPfw1l3bVSjaEseq.Sf0CJEYzdu','','','Jose, Ramirez','Ramirez','Jose','8194a4d1-2715-4cf7-a322-93d95708afd7',2225,'80d9769d-5bee-4023-9d8c-f3323782686d','0001-12-31 17:23:24-06:36:36 BC','','0001-12-31 17:23:24-06:36:36 BC',NULL),
	 ('29a783a2-7215-4510-af13-40e9973c9391','2023-12-12 16:07:13.918788-06','2023-12-12 16:07:13.918788-06',NULL,'rodrigo.olmos@gmail.com','$2a$10$3m8dHImG9rc27pgP.jzMsuFDUBKPfw1l3bVSjaEseq.Sf0CJEYzdu','','','Rodrigo, Olmos','Olmos','Rodrigo','8194a4d1-2715-4cf7-a322-93d95708afd7',1539,'80d9769d-5bee-4023-9d8c-f3323782686d','0001-12-31 17:23:24-06:36:36 BC','','0001-12-31 17:23:24-06:36:36 BC',NULL),
	 ('b6573b45-3ea0-4ebf-b65e-6a345e39101e','2023-12-12 16:07:13.919434-06','2023-12-12 16:07:13.919434-06',NULL,'saul.frias@gmail.com','$2a$10$3m8dHImG9rc27pgP.jzMsuFDUBKPfw1l3bVSjaEseq.Sf0CJEYzdu','','','Saul, Frias','Frias','Saul','8194a4d1-2715-4cf7-a322-93d95708afd7',1145,'80d9769d-5bee-4023-9d8c-f3323782686d','0001-12-31 17:23:24-06:36:36 BC','','0001-12-31 17:23:24-06:36:36 BC',NULL),
	 ('289f303e-4897-4fd7-8bda-9681be4fc232','2023-12-12 16:07:13.920089-06','2023-12-12 16:07:13.920089-06',NULL,'juan.romo@gmail.com','$2a$10$3m8dHImG9rc27pgP.jzMsuFDUBKPfw1l3bVSjaEseq.Sf0CJEYzdu','','','Juan, Romo','Romo','Juan','8194a4d1-2715-4cf7-a322-93d95708afd7',2519,'80d9769d-5bee-4023-9d8c-f3323782686d','0001-12-31 17:23:24-06:36:36 BC','','0001-12-31 17:23:24-06:36:36 BC',NULL);
INSERT INTO public.users (id,created_at,updated_at,deleted_at,email,"password",google_id,image_url,name,family_name,given_name,permission_id,ranking,category_id,birthday,phone,member_since,has_picture) VALUES
	 ('462288f0-83d4-4fdc-8a30-66ba9625e398','2023-12-12 16:07:13.920796-06','2023-12-12 16:07:13.920796-06',NULL,'saul.olmos@gmail.com','$2a$10$3m8dHImG9rc27pgP.jzMsuFDUBKPfw1l3bVSjaEseq.Sf0CJEYzdu','','','Saul, Olmos','Olmos','Saul','8194a4d1-2715-4cf7-a322-93d95708afd7',1103,'80d9769d-5bee-4023-9d8c-f3323782686d','0001-12-31 17:23:24-06:36:36 BC','','0001-12-31 17:23:24-06:36:36 BC',NULL),
	 ('11f9bd0c-da3b-4806-b74e-f2fbf8e0e4cc','2023-12-12 16:07:13.922202-06','2023-12-12 16:07:13.922202-06',NULL,'emilio.celis@gmail.com','$2a$10$3m8dHImG9rc27pgP.jzMsuFDUBKPfw1l3bVSjaEseq.Sf0CJEYzdu','','','Emilio, Celis','Celis','Emilio','8194a4d1-2715-4cf7-a322-93d95708afd7',477,'80d9769d-5bee-4023-9d8c-f3323782686d','0001-12-31 17:23:24-06:36:36 BC','','0001-12-31 17:23:24-06:36:36 BC',NULL),
	 ('d9da5328-a722-47eb-b378-5d3c6d7e923d','2023-12-12 16:07:13.922936-06','2023-12-12 16:07:13.922936-06',NULL,'pedro.valenzuela@gmail.com','$2a$10$3m8dHImG9rc27pgP.jzMsuFDUBKPfw1l3bVSjaEseq.Sf0CJEYzdu','','','Pedro, Valenzuela','Valenzuela','Pedro','8194a4d1-2715-4cf7-a322-93d95708afd7',1329,'80d9769d-5bee-4023-9d8c-f3323782686d','0001-12-31 17:23:24-06:36:36 BC','','0001-12-31 17:23:24-06:36:36 BC',NULL),
	 ('357bb58c-8801-49a1-a263-4ae9eeeeb922','2023-12-12 16:07:13.923581-06','2023-12-12 16:07:13.923581-06',NULL,'pedro.diaz@gmail.com','$2a$10$3m8dHImG9rc27pgP.jzMsuFDUBKPfw1l3bVSjaEseq.Sf0CJEYzdu','','','Pedro, Diaz','Diaz','Pedro','8194a4d1-2715-4cf7-a322-93d95708afd7',786,'80d9769d-5bee-4023-9d8c-f3323782686d','0001-12-31 17:23:24-06:36:36 BC','','0001-12-31 17:23:24-06:36:36 BC',NULL),
	 ('d2316f37-3228-4b3c-ae75-8931b45d5989','2023-12-12 16:07:13.924488-06','2023-12-12 16:07:13.924488-06',NULL,'alonso.santaella@gmail.com','$2a$10$3m8dHImG9rc27pgP.jzMsuFDUBKPfw1l3bVSjaEseq.Sf0CJEYzdu','','','Alonso, Santaella','Santaella','Alonso','8194a4d1-2715-4cf7-a322-93d95708afd7',975,'80d9769d-5bee-4023-9d8c-f3323782686d','0001-12-31 17:23:24-06:36:36 BC','','0001-12-31 17:23:24-06:36:36 BC',NULL),
	 ('94c1196f-dd67-4c4d-ae9f-b4883ddbad39','2023-12-12 16:07:13.925262-06','2023-12-12 16:07:13.925262-06',NULL,'eric.robles@gmail.com','$2a$10$3m8dHImG9rc27pgP.jzMsuFDUBKPfw1l3bVSjaEseq.Sf0CJEYzdu','','','Eric, Robles','Robles','Eric','8194a4d1-2715-4cf7-a322-93d95708afd7',1461,'80d9769d-5bee-4023-9d8c-f3323782686d','0001-12-31 17:23:24-06:36:36 BC','','0001-12-31 17:23:24-06:36:36 BC',NULL),
	 ('d8f0bbf2-a6a6-4cfb-b98c-b522aa0fda62','2023-12-12 16:07:13.92591-06','2023-12-12 16:07:13.92591-06',NULL,'emilio.valenzuela@gmail.com','$2a$10$3m8dHImG9rc27pgP.jzMsuFDUBKPfw1l3bVSjaEseq.Sf0CJEYzdu','','','Emilio, Valenzuela','Valenzuela','Emilio','8194a4d1-2715-4cf7-a322-93d95708afd7',1115,'80d9769d-5bee-4023-9d8c-f3323782686d','0001-12-31 17:23:24-06:36:36 BC','','0001-12-31 17:23:24-06:36:36 BC',NULL),
	 ('c4f70240-45cb-4cb5-9d3a-9553b617e534','2023-12-15 14:30:43.966747-06','2023-12-15 14:30:43.966747-06',NULL,'manu@gmail.com','','','','Manu, Poil','Poil','Manu','8194a4d1-2715-4cf7-a322-93d95708afd7',550,'64c56c28-6c76-4c40-915e-6ed710832e96','1998-12-18 00:00:00-06','','2017-12-09 00:00:00-06',1),
	 ('554c170f-8c54-4eb9-90f2-16db3cda9cf4','2023-12-15 14:59:30.348092-06','2023-12-15 14:59:30.348092-06',NULL,'juannita1@yahoo.com.mx','','','','Juana, Ramirez','Ramirez','Juana','8194a4d1-2715-4cf7-a322-93d95708afd7',690,'4c01cac8-177f-4b5b-864a-c01f3e4e29ed','1971-08-09 00:00:00-06','','1994-09-16 00:00:00-06',1),
	 ('6bd39d68-9113-4699-847b-27a4eaec49cf','2023-12-15 10:14:53.794803-06','2023-12-15 10:14:53.794803-06',NULL,'nata@gmail.com','','','','Nata, Poil','Poil','Nata','8194a4d1-2715-4cf7-a322-93d95708afd7',80,'4c01cac8-177f-4b5b-864a-c01f3e4e29ed','0001-12-31 17:23:24-06:36:36 BC','','0001-12-31 17:23:24-06:36:36 BC',1);
INSERT INTO public.users (id,created_at,updated_at,deleted_at,email,"password",google_id,image_url,name,family_name,given_name,permission_id,ranking,category_id,birthday,phone,member_since,has_picture) VALUES
	 ('bc002c3a-e39d-4661-9795-2f868ef50845','2023-12-15 15:08:50.103868-06','2023-12-15 15:08:50.103868-06',NULL,'beto@gmail.com','','','','Beto, Coronado','Coronado','Beto','8194a4d1-2715-4cf7-a322-93d95708afd7',900,'64c56c28-6c76-4c40-915e-6ed710832e96','1997-11-04 00:00:00-06','','2023-01-12 00:00:00-06',1),
	 ('47a3f77c-ed8a-4453-a1f2-80325fe20159','2023-12-15 15:33:30.1512-06','2023-12-15 15:33:30.1512-06',NULL,'234234','','','','Choche, Zoom','Zoom','Choche','8194a4d1-2715-4cf7-a322-93d95708afd7',1200,'80d9769d-5bee-4023-9d8c-f3323782686d','1960-01-01 00:00:00-06','1992-6988','2003-01-01 00:00:00-06',1);
